{
  "time" : 734419.49959362519,
  "motionQuality" : 0.87926793098449707,
  "projectionMatrix" : [
    1.4958494901657104,
    0,
    -0.0038884878158569336,
    0,
    0,
    1.9944659471511841,
    0.0073053240776062012,
    0,
    0,
    0,
    -0.9999997615814209,
    -0.00099999981466680765,
    0,
    0,
    -1,
    0
  ],
  "averageVelocity" : 0.42256221175193787,
  "cameraGrain" : 0,
  "frame_index" : 17,
  "exposureDuration" : 0.01666666753590107,
  "averageAngularVelocity" : 0.35506805777549744,
  "intrinsics" : [
    1436.0155029296875,
    0,
    963.23291015625,
    0,
    1436.0155029296875,
    724.75982666015625,
    0,
    0,
    1
  ],
  "cameraPoseARFrame" : [
    0.063511967658996582,
    0.96719139814376831,
    0.24598187208175659,
    4.579071044921875,
    -0.93221575021743774,
    -0.030498761683702469,
    0.36061596870422363,
    -0.024113010615110397,
    0.35628679394721985,
    -0.25221151113510132,
    0.89969384670257568,
    0.53785014152526855,
    0,
    0,
    0,
    0.99999988079071045
  ]
}