{
  "projectionMatrix" : [
    1.497862696647644,
    0,
    -0.0037730932235717773,
    0,
    0,
    1.9971503019332886,
    0.0075041651725769043,
    0,
    0,
    0,
    -0.9999997615814209,
    -0.00099999981466680765,
    0,
    0,
    -1,
    0
  ],
  "time" : 734444.41420429188,
  "cameraGrain" : 0,
  "averageAngularVelocity" : 0.06872723251581192,
  "exposureDuration" : 0.01666666753590107,
  "frame_index" : 64,
  "motionQuality" : 0.93256711959838867,
  "intrinsics" : [
    1437.9482421875,
    0,
    963.12213134765625,
    0,
    1437.9482421875,
    724.90301513671875,
    0,
    0,
    1
  ],
  "averageVelocity" : 0.23601502180099487,
  "cameraPoseARFrame" : [
    0.13387618958950043,
    -0.89942097663879395,
    0.41607603430747986,
    0.57370740175247192,
    -0.94844377040863037,
    0.0054258969612419605,
    0.31689926981925964,
    0.0073512974195182323,
    -0.28728339076042175,
    -0.43704995512962341,
    -0.85232365131378174,
    -1.5651075839996338,
    0,
    0,
    0,
    0.99999988079071045
  ]
}