{
  "projectionMatrix" : [
    1.4972649812698364,
    0,
    -0.0041105747222900391,
    0,
    0,
    1.9963532686233521,
    0.0070887207984924316,
    0,
    0,
    0,
    -0.9999997615814209,
    -0.00099999981466680765,
    0,
    0,
    -1,
    0
  ],
  "time" : 734461.33991862519,
  "cameraGrain" : 0,
  "averageAngularVelocity" : 0.45732736587524414,
  "exposureDuration" : 0.01666666753590107,
  "frame_index" : 96,
  "motionQuality" : 0.86933505535125732,
  "intrinsics" : [
    1437.3743896484375,
    0,
    963.44610595703125,
    0,
    1437.3743896484375,
    724.6038818359375,
    0,
    0,
    1
  ],
  "averageVelocity" : 0.25884941220283508,
  "cameraPoseARFrame" : [
    0.064091376960277557,
    0.65367430448532104,
    0.75405722856521606,
    -2.9322683811187744,
    -0.98896616697311401,
    -0.059523914009332657,
    0.13565739989280701,
    0.012821042910218239,
    0.1335601806640625,
    -0.75443142652511597,
    0.64264678955078125,
    -0.75733137130737305,
    0,
    0,
    0,
    0.99999994039535522
  ]
}