{
  "time" : 734430.10105195851,
  "motionQuality" : 0.90240782499313354,
  "projectionMatrix" : [
    1.4966292381286621,
    0,
    -0.0040361881256103516,
    0,
    0,
    1.9955055713653564,
    0.0070150494575500488,
    0,
    0,
    0,
    -0.9999997615814209,
    -0.00099999981466680765,
    0,
    0,
    -1,
    0
  ],
  "averageVelocity" : 0.34157270193099976,
  "cameraGrain" : 0,
  "frame_index" : 37,
  "exposureDuration" : 0.01666666753590107,
  "averageAngularVelocity" : 0.099987715482711792,
  "intrinsics" : [
    1436.7640380859375,
    0,
    963.374755859375,
    0,
    1436.7640380859375,
    724.55084228515625,
    0,
    0,
    1
  ],
  "cameraPoseARFrame" : [
    0.17730267345905304,
    -0.77823668718338013,
    0.60242146253585815,
    3.152644157409668,
    -0.97501301765441895,
    -0.055656448006629944,
    0.21506296098232269,
    0.024159694090485573,
    -0.13384123146533966,
    -0.62549996376037598,
    -0.76865881681442261,
    -1.8478512763977051,
    0,
    0,
    0,
    0.99999994039535522
  ]
}