{
  "projectionMatrix" : [
    1.499092698097229,
    0,
    -0.0042178630828857422,
    0,
    0,
    1.9987902641296387,
    0.0071312189102172852,
    0,
    0,
    0,
    -0.9999997615814209,
    -0.00099999981466680765,
    0,
    0,
    -1,
    0
  ],
  "time" : 734485.77094175015,
  "cameraGrain" : 0,
  "averageAngularVelocity" : 0.13884943723678589,
  "exposureDuration" : 0.01666666753590107,
  "frame_index" : 142,
  "motionQuality" : 0.88337206840515137,
  "intrinsics" : [
    1439.1290283203125,
    0,
    963.54913330078125,
    0,
    1439.1290283203125,
    724.63446044921875,
    0,
    0,
    1
  ],
  "averageVelocity" : 0.40819776058197021,
  "cameraPoseARFrame" : [
    -0.082061797380447388,
    0.75100469589233398,
    -0.65517759323120117,
    0.49175092577934265,
    -0.99564707279205322,
    -0.032627932727336884,
    0.087305866181850433,
    0.059277068823575974,
    0.04419003427028656,
    0.65949016809463501,
    0.75041306018829346,
    -0.56002038717269897,
    0,
    0,
    0,
    0.99999982118606567
  ]
}