{
  "time" : 734422.69470479188,
  "motionQuality" : 0.88043177127838135,
  "projectionMatrix" : [
    1.496712327003479,
    0,
    -0.0036256313323974609,
    0,
    0,
    1.9956164360046387,
    0.0073025822639465332,
    0,
    0,
    0,
    -0.9999997615814209,
    -0.00099999981466680765,
    0,
    0,
    -1,
    0
  ],
  "averageVelocity" : 0.24848437309265137,
  "cameraGrain" : 0,
  "frame_index" : 23,
  "exposureDuration" : 0.01666666753590107,
  "averageAngularVelocity" : 0.41848871111869812,
  "intrinsics" : [
    1436.8438720703125,
    0,
    962.98065185546875,
    0,
    1436.8438720703125,
    724.75787353515625,
    0,
    0,
    1
  ],
  "cameraPoseARFrame" : [
    0.2769051194190979,
    0.51087242364883423,
    0.81383836269378662,
    4.293337345123291,
    -0.93103611469268799,
    -0.066858373582363129,
    0.35875028371810913,
    -0.024160761386156082,
    0.23768752813339233,
    -0.85705256462097168,
    0.45712724328041077,
    -0.59270888566970825,
    0,
    0,
    0,
    0.99999982118606567
  ]
}