{
  "projectionMatrix" : [
    1.496727466583252,
    0,
    -0.0040673017501831055,
    0,
    0,
    1.9956367015838623,
    0.0071146488189697266,
    0,
    0,
    0,
    -0.9999997615814209,
    -0.00099999981466680765,
    0,
    0,
    -1,
    0
  ],
  "time" : 734471.97492450022,
  "cameraGrain" : 0,
  "averageAngularVelocity" : 0.33744314312934875,
  "exposureDuration" : 0.01666666753590107,
  "frame_index" : 116,
  "motionQuality" : 0.87018108367919922,
  "intrinsics" : [
    1436.8583984375,
    0,
    963.40460205078125,
    0,
    1436.8583984375,
    724.62255859375,
    0,
    0,
    1
  ],
  "averageVelocity" : 0.45436614751815796,
  "cameraPoseARFrame" : [
    -0.15791401267051697,
    0.8133118748664856,
    -0.55998831987380981,
    -3.3621501922607422,
    -0.98511636257171631,
    -0.090768091380596161,
    0.14596892893314362,
    0.00082484504673629999,
    0.067889183759689331,
    0.57470417022705078,
    0.81554031372070312,
    0.51332014799118042,
    0,
    0,
    0,
    0.9999997615814209
  ]
}