{
  "projectionMatrix" : [
    1.4972724914550781,
    0,
    -0.0040377378463745117,
    0,
    0,
    1.9963632822036743,
    0.0066319108009338379,
    0,
    0,
    0,
    -0.9999997615814209,
    -0.00099999981466680765,
    0,
    0,
    -1,
    0
  ],
  "time" : 734473.57207608351,
  "cameraGrain" : 0,
  "averageAngularVelocity" : 0.17933231592178345,
  "exposureDuration" : 0.01666666753590107,
  "frame_index" : 119,
  "motionQuality" : 0.87772494554519653,
  "intrinsics" : [
    1437.381591796875,
    0,
    963.37628173828125,
    0,
    1437.381591796875,
    724.27496337890625,
    0,
    0,
    1
  ],
  "averageVelocity" : 0.42796260118484497,
  "cameraPoseARFrame" : [
    -0.17629684507846832,
    0.82778894901275635,
    -0.53262108564376831,
    -2.8099007606506348,
    -0.98249644041061401,
    -0.11490501463413239,
    0.1466219425201416,
    0.01010364294052124,
    0.060171168297529221,
    0.54914718866348267,
    0.8335568904876709,
    0.26668167114257812,
    0,
    0,
    0,
    1
  ]
}