{
  "time" : 734426.37291375012,
  "motionQuality" : 0.95276486873626709,
  "projectionMatrix" : [
    1.4967085123062134,
    0,
    -0.0038459300994873047,
    0,
    0,
    1.9956114292144775,
    0.0063191652297973633,
    0,
    0,
    0,
    -0.9999997615814209,
    -0.00099999981466680765,
    0,
    0,
    -1,
    0
  ],
  "averageVelocity" : 0.16532306373119354,
  "cameraGrain" : 0,
  "frame_index" : 30,
  "exposureDuration" : 0.01666666753590107,
  "averageAngularVelocity" : 0.087640412151813507,
  "intrinsics" : [
    1436.8402099609375,
    0,
    963.19207763671875,
    0,
    1436.8402099609375,
    724.0498046875,
    0,
    0,
    1
  ],
  "cameraPoseARFrame" : [
    0.28206613659858704,
    -0.40946087241172791,
    0.8676292896270752,
    3.9140169620513916,
    -0.95929336547851562,
    -0.13353943824768066,
    0.24884472787380219,
    0.0033259631600230932,
    0.013970572501420975,
    -0.90250158309936523,
    -0.43045982718467712,
    -0.96525722742080688,
    0,
    0,
    0,
    0.99999994039535522
  ]
}