{
  "time" : 734418.4340640835,
  "motionQuality" : 0.87203514575958252,
  "projectionMatrix" : [
    1.4966177940368652,
    0,
    -0.0038751363754272461,
    0,
    0,
    1.9954903125762939,
    0.0073539018630981445,
    0,
    0,
    0,
    -0.9999997615814209,
    -0.00099999981466680765,
    0,
    0,
    -1,
    0
  ],
  "averageVelocity" : 0.44787690043449402,
  "cameraGrain" : 0,
  "frame_index" : 15,
  "exposureDuration" : 0.01666666753590107,
  "averageAngularVelocity" : 0.18132621049880981,
  "intrinsics" : [
    1436.7530517578125,
    0,
    963.2200927734375,
    0,
    1436.7530517578125,
    724.7947998046875,
    0,
    0,
    1
  ],
  "cameraPoseARFrame" : [
    -0.047499619424343109,
    0.99872326850891113,
    0.017199676483869553,
    4.5573849678039551,
    -0.94342857599258423,
    -0.050513442605733871,
    0.32770586013793945,
    -0.016403919085860252,
    0.3281562328338623,
    -0.00066078949021175504,
    0.94462329149246216,
    1.0214300155639648,
    0,
    0,
    0,
    0.99999994039535522
  ]
}