{
  "projectionMatrix" : [
    1.4977644681930542,
    0,
    -0.0040333271026611328,
    0,
    0,
    1.9970192909240723,
    0.0066273212432861328,
    0,
    0,
    0,
    -0.9999997615814209,
    -0.00099999981466680765,
    0,
    0,
    -1,
    0
  ],
  "time" : 734478.34768491681,
  "cameraGrain" : 0,
  "averageAngularVelocity" : 0.04749419167637825,
  "exposureDuration" : 0.01666666753590107,
  "frame_index" : 128,
  "motionQuality" : 0.91517990827560425,
  "intrinsics" : [
    1437.8538818359375,
    0,
    963.3719482421875,
    0,
    1437.8538818359375,
    724.27166748046875,
    0,
    0,
    1
  ],
  "averageVelocity" : 0.29687035083770752,
  "cameraPoseARFrame" : [
    -0.20249414443969727,
    0.66937112808227539,
    -0.71479976177215576,
    -1.6099435091018677,
    -0.9792182445526123,
    -0.12996372580528259,
    0.15569673478603363,
    0.017738133668899536,
    0.011320830322802067,
    0.7314724326133728,
    0.68177717924118042,
    -0.2889212965965271,
    0,
    0,
    0,
    1
  ]
}