{
  "projectionMatrix" : [
    1.4977190494537354,
    0,
    -0.0037993192672729492,
    0,
    0,
    1.9969587326049805,
    0.0073812007904052734,
    0,
    0,
    0,
    -0.9999997615814209,
    -0.00099999981466680765,
    0,
    0,
    -1,
    0
  ],
  "time" : 734443.34918604186,
  "cameraGrain" : 0,
  "averageAngularVelocity" : 0.1529698520898819,
  "exposureDuration" : 0.01666666753590107,
  "frame_index" : 62,
  "motionQuality" : 0.95629429817199707,
  "intrinsics" : [
    1437.810302734375,
    0,
    963.1473388671875,
    0,
    1437.810302734375,
    724.814453125,
    0,
    0,
    1
  ],
  "averageVelocity" : 0,
  "cameraPoseARFrame" : [
    0.2160116583108902,
    -0.86776000261306763,
    0.44758465886116028,
    0.85397076606750488,
    -0.94654345512390137,
    -0.07363283634185791,
    0.31406071782112122,
    0.0036478042602539062,
    -0.23957236111164093,
    -0.49149900674819946,
    -0.83727782964706421,
    -1.5333166122436523,
    0,
    0,
    0,
    1
  ]
}