{
  "projectionMatrix" : [
    1.4991419315338135,
    0,
    -0.0039871931076049805,
    0,
    0,
    1.9988559484481812,
    0.0070927143096923828,
    0,
    0,
    0,
    -0.9999997615814209,
    -0.00099999981466680765,
    0,
    0,
    -1,
    0
  ],
  "time" : 734464.53526287514,
  "cameraGrain" : 0,
  "averageAngularVelocity" : 0.29407072067260742,
  "exposureDuration" : 0.01666666753590107,
  "frame_index" : 102,
  "motionQuality" : 0.89161694049835205,
  "intrinsics" : [
    1439.17626953125,
    0,
    963.3277587890625,
    0,
    1439.17626953125,
    724.60675048828125,
    0,
    0,
    1
  ],
  "averageVelocity" : 0.37934067845344543,
  "cameraPoseARFrame" : [
    -0.14284186065196991,
    0.92793279886245728,
    -0.34429210424423218,
    -3.3084983825683594,
    -0.96378433704376221,
    -0.051257699728012085,
    0.26171097159385681,
    -0.021224444732069969,
    0.22520256042480469,
    0.36920660734176636,
    0.90164858102798462,
    -0.062114179134368896,
    0,
    0,
    0,
    0.99999994039535522
  ]
}