{
  "projectionMatrix" : [
    1.5017380714416504,
    0,
    -0.0040258169174194336,
    0,
    0,
    2.0023174285888672,
    0.0070142745971679688,
    0,
    0,
    0,
    -0.9999997615814209,
    -0.00099999981466680765,
    0,
    0,
    -1,
    0
  ],
  "time" : 734462.93771383353,
  "cameraGrain" : 0,
  "averageAngularVelocity" : 0.5465463399887085,
  "exposureDuration" : 0.01666666753590107,
  "frame_index" : 99,
  "motionQuality" : 0.84384393692016602,
  "intrinsics" : [
    1441.6685791015625,
    0,
    963.36474609375,
    0,
    1441.6685791015625,
    724.55029296875,
    0,
    0,
    1
  ],
  "averageVelocity" : 0.36228963732719421,
  "cameraPoseARFrame" : [
    -0.051648456603288651,
    0.9971778392791748,
    0.054488725960254669,
    -3.0810818672180176,
    -0.99169296026229858,
    -0.057647585868835449,
    0.11498679965734482,
    0.018411183729767799,
    0.1178034171462059,
    -0.048097144812345505,
    0.99187147617340088,
    -0.64070206880569458,
    0,
    0,
    0,
    0.99999994039535522
  ]
}