{
  "projectionMatrix" : [
    1.496674656867981,
    0,
    -0.00409698486328125,
    0,
    0,
    1.9955661296844482,
    0.0073736310005187988,
    0,
    0,
    0,
    -0.9999997615814209,
    -0.00099999981466680765,
    0,
    0,
    -1,
    0
  ],
  "time" : 734460.29145100014,
  "cameraGrain" : 0,
  "averageAngularVelocity" : 0.72440654039382935,
  "exposureDuration" : 0.01666666753590107,
  "frame_index" : 94,
  "motionQuality" : 0.79302668571472168,
  "intrinsics" : [
    1436.8076171875,
    0,
    963.43310546875,
    0,
    1436.8076171875,
    724.80902099609375,
    0,
    0,
    1
  ],
  "averageVelocity" : 0.17581856250762939,
  "cameraPoseARFrame" : [
    0.10925307869911194,
    0.086276859045028687,
    0.99026280641555786,
    -2.7000885009765625,
    -0.99122679233551025,
    -0.06509815901517868,
    0.11503111571073532,
    -0.0069897174835205078,
    0.074388794600963593,
    -0.99414229393005371,
    0.078407764434814453,
    -0.74603712558746338,
    0,
    0,
    0,
    1
  ]
}