{
  "time" : 734415.23903845844,
  "motionQuality" : 0.88685524463653564,
  "projectionMatrix" : [
    1.497219443321228,
    0,
    -0.0037333965301513672,
    0,
    0,
    1.9962925910949707,
    0.0075627565383911133,
    0,
    0,
    0,
    -0.9999997615814209,
    -0.00099999981466680765,
    0,
    0,
    -1,
    0
  ],
  "averageVelocity" : 0.39600673317909241,
  "cameraGrain" : 0,
  "frame_index" : 9,
  "exposureDuration" : 0.01666666753590107,
  "averageAngularVelocity" : 0.16743418574333191,
  "intrinsics" : [
    1437.3306884765625,
    0,
    963.0841064453125,
    0,
    1437.3306884765625,
    724.9451904296875,
    0,
    0,
    1
  ],
  "cameraPoseARFrame" : [
    -0.040007062256336212,
    0.99875539541244507,
    0.029785666614770889,
    4.6425690650939941,
    -0.94165563583374023,
    -0.04765639454126358,
    0.33318686485290527,
    -0.017314504832029343,
    0.33419165015220642,
    -0.014717978425323963,
    0.94239014387130737,
    2.4856505393981934,
    0,
    0,
    0,
    0.99999988079071045
  ]
}