{
  "projectionMatrix" : [
    1.4959743022918701,
    0,
    -0.0037876367568969727,
    0,
    0,
    1.9946324825286865,
    0.0070021748542785645,
    0,
    0,
    0,
    -0.9999997615814209,
    -0.00099999981466680765,
    0,
    0,
    -1,
    0
  ],
  "time" : 734469.3281668335,
  "cameraGrain" : 0,
  "averageAngularVelocity" : 0.33151620626449585,
  "exposureDuration" : 0.01666666753590107,
  "frame_index" : 111,
  "motionQuality" : 0.90528106689453125,
  "intrinsics" : [
    1436.1353759765625,
    0,
    963.13616943359375,
    0,
    1436.1353759765625,
    724.54156494140625,
    0,
    0,
    1
  ],
  "averageVelocity" : 0,
  "cameraPoseARFrame" : [
    -0.38663986325263977,
    0.53244572877883911,
    -0.75300139188766479,
    -4.1832780838012695,
    -0.91504687070846558,
    -0.1197698712348938,
    0.38515534996986389,
    -0.069692298769950867,
    0.11488745361566544,
    0.83794790506362915,
    0.53352051973342896,
    0.53524553775787354,
    0,
    0,
    0,
    0.99999988079071045
  ]
}