{
  "projectionMatrix" : [
    1.497200608253479,
    0,
    -0.0037842988967895508,
    0,
    0,
    1.996267557144165,
    0.0070656538009643555,
    0,
    0,
    0,
    -0.9999997615814209,
    -0.00099999981466680765,
    0,
    0,
    -1,
    0
  ],
  "time" : 734439.67120837513,
  "cameraGrain" : 0,
  "averageAngularVelocity" : 0.14003258943557739,
  "exposureDuration" : 0.01666666753590107,
  "frame_index" : 55,
  "motionQuality" : 0.95999068021774292,
  "intrinsics" : [
    1437.3126220703125,
    0,
    963.1329345703125,
    0,
    1437.3126220703125,
    724.5872802734375,
    0,
    0,
    1
  ],
  "averageVelocity" : 0,
  "cameraPoseARFrame" : [
    0.18875634670257568,
    -0.84294450283050537,
    0.50380158424377441,
    1.5580660104751587,
    -0.95442855358123779,
    -0.036706443876028061,
    0.29617410898208618,
    0.020328367128968239,
    -0.23116546869277954,
    -0.5367472767829895,
    -0.81145864725112915,
    -1.7012854814529419,
    0,
    0,
    0,
    0.99999994039535522
  ]
}