{
  "time" : 734412.62622475019,
  "motionQuality" : 0.89592868089675903,
  "projectionMatrix" : [
    1.4967387914657593,
    0,
    -0.0038602352142333984,
    0,
    0,
    1.9956517219543457,
    0.0072619915008544922,
    0,
    0,
    0,
    -0.9999997615814209,
    -0.00099999981466680765,
    0,
    0,
    -1,
    0
  ],
  "averageVelocity" : 0.364249587059021,
  "cameraGrain" : 0,
  "frame_index" : 4,
  "exposureDuration" : 0.01666666753590107,
  "averageAngularVelocity" : 0.19548888504505157,
  "intrinsics" : [
    1436.8692626953125,
    0,
    963.205810546875,
    0,
    1436.8692626953125,
    724.7286376953125,
    0,
    0,
    1
  ],
  "cameraPoseARFrame" : [
    -0.0066138086840510368,
    0.99978387355804443,
    -0.019710799679160118,
    4.7660765647888184,
    -0.94997304677963257,
    -0.00012665787653531879,
    0.3123321533203125,
    -0.009283226914703846,
    0.3122621476650238,
    0.020790444687008858,
    0.94976842403411865,
    3.5138943195343018,
    0,
    0,
    0,
    0.99999988079071045
  ]
}