{
  "time" : 734427.97103391681,
  "motionQuality" : 0.91802120208740234,
  "projectionMatrix" : [
    1.4967199563980103,
    0,
    -0.0037965774536132812,
    0,
    0,
    1.99562668800354,
    0.0063412189483642578,
    0,
    0,
    0,
    -0.9999997615814209,
    -0.00099999981466680765,
    0,
    0,
    -1,
    0
  ],
  "averageVelocity" : 0.28692585229873657,
  "cameraGrain" : 0,
  "frame_index" : 33,
  "exposureDuration" : 0.01666666753590107,
  "averageAngularVelocity" : 0.11536616832017899,
  "intrinsics" : [
    1436.8511962890625,
    0,
    963.14471435546875,
    0,
    1436.8511962890625,
    724.065673828125,
    0,
    0,
    1
  ],
  "cameraPoseARFrame" : [
    0.29343608021736145,
    -0.5388609766960144,
    0.78963547945022583,
    3.7175228595733643,
    -0.95438534021377563,
    -0.11745601892471313,
    0.27450463175773621,
    0.0033824087586253881,
    -0.055172428488731384,
    -0.83416604995727539,
    -0.54874682426452637,
    -1.3792483806610107,
    0,
    0,
    0,
    0.99999994039535522
  ]
}