{
  "projectionMatrix" : [
    1.4990133047103882,
    0,
    -0.0040253400802612305,
    0,
    0,
    1.9986844062805176,
    0.007172703742980957,
    0,
    0,
    0,
    -0.9999997615814209,
    -0.00099999981466680765,
    0,
    0,
    -1,
    0
  ],
  "time" : 734456.59713125019,
  "cameraGrain" : 0,
  "averageAngularVelocity" : 0.18139447271823883,
  "exposureDuration" : 0.01666666753590107,
  "frame_index" : 87,
  "motionQuality" : 0.9073646068572998,
  "intrinsics" : [
    1439.052734375,
    0,
    963.3643798828125,
    0,
    1439.052734375,
    724.66436767578125,
    0,
    0,
    1
  ],
  "averageVelocity" : 0.32422390580177307,
  "cameraPoseARFrame" : [
    0.10208944976329803,
    -0.98749279975891113,
    0.12014873325824738,
    -2.072803258895874,
    -0.97495818138122559,
    -0.075335219502449036,
    0.20924010872840881,
    0.00074052216950803995,
    -0.19757169485092163,
    -0.13850119709968567,
    -0.97045499086380005,
    -1.1296782493591309,
    0,
    0,
    0,
    0.99999994039535522
  ]
}