{
  "time" : 734430.63282425015,
  "motionQuality" : 0.92543977499008179,
  "projectionMatrix" : [
    1.4966480731964111,
    0,
    -0.0039606094360351562,
    0,
    0,
    1.9955307245254517,
    0.0071300864219665527,
    0,
    0,
    0,
    -0.9999997615814209,
    -0.00099999981466680765,
    0,
    0,
    -1,
    0
  ],
  "averageVelocity" : 0.26096069812774658,
  "cameraGrain" : 0,
  "frame_index" : 38,
  "exposureDuration" : 0.01666666753590107,
  "averageAngularVelocity" : 0.17636419832706451,
  "intrinsics" : [
    1436.7821044921875,
    0,
    963.30218505859375,
    0,
    1436.7821044921875,
    724.6336669921875,
    0,
    0,
    1
  ],
  "cameraPoseARFrame" : [
    0.13116542994976044,
    -0.83940237760543823,
    0.52744632959365845,
    2.98565673828125,
    -0.97645026445388794,
    -0.01746082678437233,
    0.2150358110666275,
    0.030840421095490456,
    -0.17129187285900116,
    -0.54323023557662964,
    -0.82192468643188477,
    -1.8676992654800415,
    0,
    0,
    0,
    0.99999994039535522
  ]
}