{
  "projectionMatrix" : [
    1.4983963966369629,
    0,
    -0.004069209098815918,
    0,
    0,
    1.9978618621826172,
    0.0075501203536987305,
    0,
    0,
    0,
    -0.9999997615814209,
    -0.00099999981466680765,
    0,
    0,
    -1,
    0
  ],
  "time" : 734453.93427354179,
  "cameraGrain" : 0,
  "averageAngularVelocity" : 0,
  "exposureDuration" : 0.01666666753590107,
  "frame_index" : 82,
  "motionQuality" : 0.9196779727935791,
  "intrinsics" : [
    1438.4605712890625,
    0,
    963.406494140625,
    0,
    1438.4605712890625,
    724.93609619140625,
    0,
    0,
    1
  ],
  "averageVelocity" : 0.28112700581550598,
  "cameraPoseARFrame" : [
    0.060959354043006897,
    -0.95442080497741699,
    0.29217281937599182,
    -1.4580732583999634,
    -0.98241758346557617,
    -0.0056205885484814644,
    0.18661260604858398,
    0.0095767322927713394,
    -0.17646476626396179,
    -0.29841145873069763,
    -0.93798232078552246,
    -1.2374719381332397,
    0,
    0,
    0,
    0.99999994039535522
  ]
}