{
  "projectionMatrix" : [
    1.4971438646316528,
    0,
    -0.0038483142852783203,
    0,
    0,
    1.9961917400360107,
    0.0071519017219543457,
    0,
    0,
    0,
    -0.9999997615814209,
    -0.00099999981466680765,
    0,
    0,
    -1,
    0
  ],
  "time" : 734432.74696975015,
  "cameraGrain" : 0,
  "averageAngularVelocity" : 0.26521557569503784,
  "exposureDuration" : 0.01666666753590107,
  "frame_index" : 42,
  "motionQuality" : 0.9242241382598877,
  "intrinsics" : [
    1437.258056640625,
    0,
    963.1943359375,
    0,
    1437.258056640625,
    724.64935302734375,
    0,
    0,
    1
  ],
  "averageVelocity" : 0.089573465287685394,
  "cameraPoseARFrame" : [
    0.181417316198349,
    -0.82459574937820435,
    0.53584492206573486,
    2.6305551528930664,
    -0.96710401773452759,
    -0.050795011222362518,
    0.24925878643989563,
    0.028834277763962746,
    -0.17831943929195404,
    -0.56343764066696167,
    -0.80668467283248901,
    -1.674098014831543,
    0,
    0,
    0,
    0.99999994039535522
  ]
}