{
  "projectionMatrix" : [
    1.4988921880722046,
    0,
    -0.0041466951370239258,
    0,
    0,
    1.9985229969024658,
    0.0070428848266601562,
    0,
    0,
    0,
    -0.9999997615814209,
    -0.00099999981466680765,
    0,
    0,
    -1,
    0
  ],
  "time" : 734483.64098575013,
  "cameraGrain" : 0,
  "averageAngularVelocity" : 0.12218981981277466,
  "exposureDuration" : 0.01666666753590107,
  "frame_index" : 138,
  "motionQuality" : 0.88083422183990479,
  "intrinsics" : [
    1438.9365234375,
    0,
    963.48077392578125,
    0,
    1438.9365234375,
    724.57086181640625,
    0,
    0,
    1
  ],
  "averageVelocity" : 0.41708016395568848,
  "cameraPoseARFrame" : [
    -0.12702623009681702,
    0.7821241021156311,
    -0.61003822088241577,
    -0.092762701213359833,
    -0.9914814829826355,
    -0.082264967262744904,
    0.10098175704479218,
    0.044601462781429291,
    0.028795478865504265,
    0.61766880750656128,
    0.78591108322143555,
    -0.46688264608383179,
    0,
    0,
    0,
    0.99999994039535522
  ]
}