{
  "projectionMatrix" : [
    1.4978892803192139,
    0,
    -0.0037496089935302734,
    0,
    0,
    1.9971858263015747,
    0.0073192119598388672,
    0,
    0,
    0,
    -0.9999997615814209,
    -0.00099999981466680765,
    0,
    0,
    -1,
    0
  ],
  "time" : 734445.47926825017,
  "cameraGrain" : 0,
  "averageAngularVelocity" : 0.091582618653774261,
  "exposureDuration" : 0.01666666753590107,
  "frame_index" : 66,
  "motionQuality" : 0.96462684869766235,
  "intrinsics" : [
    1437.9737548828125,
    0,
    963.09967041015625,
    0,
    1437.9737548828125,
    724.76983642578125,
    0,
    0,
    1
  ],
  "averageVelocity" : 0.12380602955818176,
  "cameraPoseARFrame" : [
    0.23242631554603577,
    -0.81532323360443115,
    0.53030776977539062,
    0.48471415042877197,
    -0.94838112592697144,
    -0.069031760096549988,
    0.30952876806259155,
    0.0019238829845562577,
    -0.21575787663459778,
    -0.57487648725509644,
    -0.78928172588348389,
    -1.538058876991272,
    0,
    0,
    0,
    0.99999994039535522
  ]
}