{
  "projectionMatrix" : [
    1.4977759122848511,
    0,
    -0.0041267871856689453,
    0,
    0,
    1.9970345497131348,
    0.0073053836822509766,
    0,
    0,
    0,
    -0.9999997615814209,
    -0.00099999981466680765,
    0,
    0,
    -1,
    0
  ],
  "time" : 734458.72674341686,
  "cameraGrain" : 0,
  "averageAngularVelocity" : 0.61984342336654663,
  "exposureDuration" : 0.01666666753590107,
  "frame_index" : 91,
  "motionQuality" : 0.82290184497833252,
  "intrinsics" : [
    1437.8648681640625,
    0,
    963.46173095703125,
    0,
    1437.8648681640625,
    724.7598876953125,
    0,
    0,
    1
  ],
  "averageVelocity" : 0.27191922068595886,
  "cameraPoseARFrame" : [
    0.019927887246012688,
    -0.8312719464302063,
    0.55550903081893921,
    -2.4705445766448975,
    -0.99945598840713501,
    -0.0019547112751752138,
    0.032928623259067535,
    0.039791792631149292,
    -0.02628677524626255,
    -0.55586296319961548,
    -0.83085834980010986,
    -0.87663233280181885,
    0,
    0,
    0,
    1
  ]
}