{
  "projectionMatrix" : [
    1.4991079568862915,
    0,
    -0.0039719343185424805,
    0,
    0,
    1.9988106489181519,
    0.0076135396957397461,
    0,
    0,
    0,
    -0.9999997615814209,
    -0.00099999981466680765,
    0,
    0,
    -1,
    0
  ],
  "time" : 734454.46655654185,
  "cameraGrain" : 0,
  "averageAngularVelocity" : 0,
  "exposureDuration" : 0.01666666753590107,
  "frame_index" : 83,
  "motionQuality" : 0.93798553943634033,
  "intrinsics" : [
    1439.1436767578125,
    0,
    963.3131103515625,
    0,
    1439.1436767578125,
    724.98175048828125,
    0,
    0,
    1
  ],
  "averageVelocity" : 0.217050701379776,
  "cameraPoseARFrame" : [
    0.1110953614115715,
    -0.95333045721054077,
    0.28074690699577332,
    -1.5651481151580811,
    -0.9802100658416748,
    -0.058537360280752182,
    0.18910746276378632,
    0.0040812972001731396,
    -0.16384772956371307,
    -0.29619991779327393,
    -0.94096720218658447,
    -1.1837406158447266,
    0,
    0,
    0,
    0.99999988079071045
  ]
}