{
  "time" : 734421.62988958345,
  "motionQuality" : 0.87602239847183228,
  "projectionMatrix" : [
    1.4959479570388794,
    0,
    -0.0035517215728759766,
    0,
    0,
    1.9945971965789795,
    0.0072519779205322266,
    0,
    0,
    0,
    -0.9999997615814209,
    -0.00099999981466680765,
    0,
    0,
    -1,
    0
  ],
  "averageVelocity" : 0.29272806644439697,
  "cameraGrain" : 0,
  "frame_index" : 21,
  "exposureDuration" : 0.01666666753590107,
  "averageAngularVelocity" : 0.43392151594161987,
  "intrinsics" : [
    1436.1099853515625,
    0,
    962.90960693359375,
    0,
    1436.1099853515625,
    724.721435546875,
    0,
    0,
    1
  ],
  "cameraPoseARFrame" : [
    0.22599411010742188,
    0.7095450758934021,
    0.66743713617324829,
    4.4597344398498535,
    -0.92996358871459961,
    -0.046819116920232773,
    0.36465835571289062,
    -0.030896615236997604,
    0.28999039530754089,
    -0.70310276746749878,
    0.64927017688751221,
    -0.28879451751708984,
    0,
    0,
    0,
    0.99999988079071045
  ]
}