{
  "projectionMatrix" : [
    1.4978476762771606,
    0,
    -0.0040627717971801758,
    0,
    0,
    1.9971301555633545,
    0.0064828395843505859,
    0,
    0,
    0,
    -0.9999997615814209,
    -0.00099999981466680765,
    0,
    0,
    -1,
    0
  ],
  "time" : 734477.79933012521,
  "cameraGrain" : 0,
  "averageAngularVelocity" : 0.20059676468372345,
  "exposureDuration" : 0.01666666753590107,
  "frame_index" : 127,
  "motionQuality" : 0.94268661737442017,
  "intrinsics" : [
    1437.9337158203125,
    0,
    963.40020751953125,
    0,
    1437.9337158203125,
    724.16766357421875,
    0,
    0,
    1
  ],
  "averageVelocity" : 0.18256539106369019,
  "cameraPoseARFrame" : [
    -0.17675897479057312,
    0.70155417919158936,
    -0.69034653902053833,
    -1.7230393886566162,
    -0.98409342765808105,
    -0.11328690499067307,
    0.13684497773647308,
    0.0276297926902771,
    0.01779693178832531,
    0.70355397462844849,
    0.71041911840438843,
    -0.26047763228416443,
    0,
    0,
    0,
    1
  ]
}