{
  "time" : 734417.90189333353,
  "motionQuality" : 0.86545789241790771,
  "projectionMatrix" : [
    1.4959743022918701,
    0,
    -0.0037838220596313477,
    0,
    0,
    1.9946324825286865,
    0.0072324275970458984,
    0,
    0,
    0,
    -0.9999997615814209,
    -0.00099999981466680765,
    0,
    0,
    -1,
    0
  ],
  "averageVelocity" : 0.47089734673500061,
  "cameraGrain" : 0,
  "frame_index" : 14,
  "exposureDuration" : 0.01666666753590107,
  "averageAngularVelocity" : 0.25504729151725769,
  "intrinsics" : [
    1436.1353759765625,
    0,
    963.13250732421875,
    0,
    1436.1353759765625,
    724.70733642578125,
    0,
    0,
    1
  ],
  "cameraPoseARFrame" : [
    0.0099911857396364212,
    0.9974096417427063,
    0.07123391330242157,
    4.5930285453796387,
    -0.9399450421333313,
    -0.014938228763639927,
    0.34099897742271423,
    -0.022241359576582909,
    0.34117975831031799,
    -0.070362932980060577,
    0.93736088275909424,
    1.2792050838470459,
    0,
    0,
    0,
    0.99999994039535522
  ]
}