{
  "time" : 734422.16248141683,
  "motionQuality" : 0.88001346588134766,
  "projectionMatrix" : [
    1.4966858625411987,
    0,
    -0.0036871433258056641,
    0,
    0,
    1.9955812692642212,
    0.007113039493560791,
    0,
    0,
    0,
    -0.9999997615814209,
    -0.00099999981466680765,
    0,
    0,
    -1,
    0
  ],
  "averageVelocity" : 0.41995283961296082,
  "cameraGrain" : 0,
  "frame_index" : 22,
  "exposureDuration" : 0.01666666753590107,
  "averageAngularVelocity" : 0.1830851137638092,
  "intrinsics" : [
    1436.8184814453125,
    0,
    963.0396728515625,
    0,
    1436.8184814453125,
    724.62139892578125,
    0,
    0,
    1
  ],
  "cameraPoseARFrame" : [
    0.26926228404045105,
    0.63676267862319946,
    0.72251737117767334,
    4.3734555244445801,
    -0.92519533634185791,
    -0.037286080420017242,
    0.37765535712242126,
    -0.029486780986189842,
    0.26741662621498108,
    -0.77015799283981323,
    0.5790899395942688,
    -0.450479656457901,
    0,
    0,
    0,
    0.99999994039535522
  ]
}