{
  "time" : 734416.30455475021,
  "motionQuality" : 0.86234700679779053,
  "projectionMatrix" : [
    1.4959441423416138,
    0,
    -0.003764033317565918,
    0,
    0,
    1.9945920705795288,
    0.0070380568504333496,
    0,
    0,
    0,
    -0.9999997615814209,
    -0.00099999981466680765,
    0,
    0,
    -1,
    0
  ],
  "averageVelocity" : 0.48178553581237793,
  "cameraGrain" : 0,
  "frame_index" : 11,
  "exposureDuration" : 0.01666666753590107,
  "averageAngularVelocity" : 0.31536415219306946,
  "intrinsics" : [
    1436.1063232421875,
    0,
    963.11346435546875,
    0,
    1436.1063232421875,
    724.5673828125,
    0,
    0,
    1
  ],
  "cameraPoseARFrame" : [
    -0.01153000071644783,
    0.99900078773498535,
    0.043183721601963043,
    4.6468625068664551,
    -0.95469188690185547,
    -0.023841453716158867,
    0.29664015769958496,
    -0.012831723317503929,
    0.2973732054233551,
    -0.037806835025548935,
    0.95401245355606079,
    2.0273439884185791,
    0,
    0,
    0,
    0.99999994039535522
  ]
}