{
  "projectionMatrix" : [
    1.4958949089050293,
    0,
    -0.0036219358444213867,
    0,
    0,
    1.9945265054702759,
    0.0065696835517883301,
    0,
    0,
    0,
    -0.9999997615814209,
    -0.00099999981466680765,
    0,
    0,
    -1,
    0
  ],
  "time" : 734468.26325250021,
  "cameraGrain" : 0,
  "averageAngularVelocity" : 0.15201607346534729,
  "exposureDuration" : 0.01666666753590107,
  "frame_index" : 109,
  "motionQuality" : 0.91005849838256836,
  "intrinsics" : [
    1436.05908203125,
    0,
    962.97705078125,
    0,
    1436.05908203125,
    724.23016357421875,
    0,
    0,
    1
  ],
  "averageVelocity" : 0.31479534506797791,
  "cameraPoseARFrame" : [
    -0.32425877451896667,
    0.49050024151802063,
    -0.80886709690093994,
    -4.0090131759643555,
    -0.94119644165039062,
    -0.081506185233592987,
    0.3278813362121582,
    -0.056644033640623093,
    0.094898156821727753,
    0.86762118339538574,
    0.48808595538139343,
    0.53870666027069092,
    0,
    0,
    0,
    0.99999988079071045
  ]
}