{
  "projectionMatrix" : [
    1.4989981651306152,
    0,
    -0.0040659904479980469,
    0,
    0,
    1.9986641407012939,
    0.0072591900825500488,
    0,
    0,
    0,
    -0.9999997615814209,
    -0.00099999981466680765,
    0,
    0,
    -1,
    0
  ],
  "time" : 734456.06487670855,
  "cameraGrain" : 0,
  "averageAngularVelocity" : 0.16594277322292328,
  "exposureDuration" : 0.01666666753590107,
  "frame_index" : 86,
  "motionQuality" : 0.94770431518554688,
  "intrinsics" : [
    1439.0382080078125,
    0,
    963.40338134765625,
    0,
    1439.0382080078125,
    724.72662353515625,
    0,
    0,
    1
  ],
  "averageVelocity" : 0.18303492665290833,
  "cameraPoseARFrame" : [
    0.098654523491859436,
    -0.98693281412124634,
    0.12740105390548706,
    -1.927271842956543,
    -0.98414438962936401,
    -0.077799633145332336,
    0.15939643979072571,
    0.014379489235579967,
    -0.14740180969238281,
    -0.14110615849494934,
    -0.97895956039428711,
    -1.2043976783752441,
    0,
    0,
    0,
    0.99999988079071045
  ]
}