{
  "time" : 734426.90535225021,
  "motionQuality" : 0.91998392343521118,
  "projectionMatrix" : [
    1.4966254234313965,
    0,
    -0.0038276910781860352,
    0,
    0,
    1.9955005645751953,
    0.006443023681640625,
    0,
    0,
    0,
    -0.9999997615814209,
    -0.00099999981466680765,
    0,
    0,
    -1,
    0
  ],
  "averageVelocity" : 0.26316359639167786,
  "cameraGrain" : 0,
  "frame_index" : 31,
  "exposureDuration" : 0.01666666753590107,
  "averageAngularVelocity" : 0.28005626797676086,
  "intrinsics" : [
    1436.7603759765625,
    0,
    963.174560546875,
    0,
    1436.7603759765625,
    724.13897705078125,
    0,
    0,
    1
  ],
  "cameraPoseARFrame" : [
    0.29293328523635864,
    -0.44962611794471741,
    0.84381669759750366,
    3.8566501140594482,
    -0.95571660995483398,
    -0.16373522579669952,
    0.24453368782997131,
    0.00077956321183592081,
    0.028213750571012497,
    -0.87808161973953247,
    -0.47767850756645203,
    -1.0535246133804321,
    0,
    0,
    0,
    0.99999994039535522
  ]
}