{
  "projectionMatrix" : [
    1.4990813732147217,
    0,
    -0.0041539669036865234,
    0,
    0,
    1.9987752437591553,
    0.0070986151695251465,
    0,
    0,
    0,
    -0.9999997615814209,
    -0.00099999981466680765,
    0,
    0,
    -1,
    0
  ],
  "time" : 734485.23770225013,
  "cameraGrain" : 0,
  "averageAngularVelocity" : 0.080779053270816803,
  "exposureDuration" : 0.01666666753590107,
  "frame_index" : 141,
  "motionQuality" : 0.92411714792251587,
  "intrinsics" : [
    1439.1181640625,
    0,
    963.48785400390625,
    0,
    1439.1181640625,
    724.61102294921875,
    0,
    0,
    1
  ],
  "averageVelocity" : 0.26559004187583923,
  "cameraPoseARFrame" : [
    -0.14415989816188812,
    0.73568874597549438,
    -0.66180044412612915,
    0.28386786580085754,
    -0.98946607112884521,
    -0.098231106996536255,
    0.10633691400289536,
    0.045174825936555862,
    0.013221502304077148,
    0.67015856504440308,
    0.74210011959075928,
    -0.57228320837020874,
    0,
    0,
    0,
    0.99999988079071045
  ]
}