{
  "projectionMatrix" : [
    1.4979422092437744,
    0,
    -0.0039976835250854492,
    0,
    0,
    1.9972562789916992,
    0.00743865966796875,
    0,
    0,
    0,
    -0.9999997615814209,
    -0.00099999981466680765,
    0,
    0,
    -1,
    0
  ],
  "time" : 734451.28787475021,
  "cameraGrain" : 0,
  "averageAngularVelocity" : 0.10873478651046753,
  "exposureDuration" : 0.01666666753590107,
  "frame_index" : 77,
  "motionQuality" : 0.94344973564147949,
  "intrinsics" : [
    1438.0245361328125,
    0,
    963.3377685546875,
    0,
    1438.0245361328125,
    724.8558349609375,
    0,
    0,
    1
  ],
  "averageVelocity" : 0.19792583584785461,
  "cameraPoseARFrame" : [
    0.067322589457035065,
    -0.93260973691940308,
    0.35455182194709778,
    -0.89027559757232666,
    -0.97950065135955811,
    0.0058426852338016033,
    0.20135688781738281,
    0.020300591364502907,
    -0.18985891342163086,
    -0.3608396053314209,
    -0.91309821605682373,
    -1.3983958959579468,
    0,
    0,
    0,
    0.99999994039535522
  ]
}