{
  "projectionMatrix" : [
    1.4977644681930542,
    0,
    -0.0037428140640258789,
    0,
    0,
    1.9970192909240723,
    0.0076369643211364746,
    0,
    0,
    0,
    -0.9999997615814209,
    -0.00099999981466680765,
    0,
    0,
    -1,
    0
  ],
  "time" : 734439.13793237519,
  "cameraGrain" : 0,
  "averageAngularVelocity" : 0.1773131787776947,
  "exposureDuration" : 0.01666666753590107,
  "frame_index" : 54,
  "motionQuality" : 0.93542009592056274,
  "intrinsics" : [
    1437.8538818359375,
    0,
    963.0931396484375,
    0,
    1437.8538818359375,
    724.99859619140625,
    0,
    0,
    1
  ],
  "averageVelocity" : 0.22602975368499756,
  "cameraPoseARFrame" : [
    0.14561676979064941,
    -0.88221645355224609,
    0.44776108860969543,
    1.6070947647094727,
    -0.95714783668518066,
    -0.011108983308076859,
    0.28938695788383484,
    0.029494727030396461,
    -0.25032773613929749,
    -0.47071310877799988,
    -0.84602904319763184,
    -1.723340630531311,
    0,
    0,
    0,
    0.99999994039535522
  ]
}