{
  "projectionMatrix" : [
    1.4965837001800537,
    0,
    -0.0037282705307006836,
    0,
    0,
    1.9954448938369751,
    0.0073710083961486816,
    0,
    0,
    0,
    -0.9999997615814209,
    -0.00099999981466680765,
    0,
    0,
    -1,
    0
  ],
  "time" : 734467.19777541677,
  "cameraGrain" : 0,
  "averageAngularVelocity" : 0.19305886328220367,
  "exposureDuration" : 0.01666666753590107,
  "frame_index" : 107,
  "motionQuality" : 0.89934158325195312,
  "intrinsics" : [
    1436.7203369140625,
    0,
    963.0791015625,
    0,
    1436.7203369140625,
    724.80712890625,
    0,
    0,
    1
  ],
  "averageVelocity" : 0.35230445861816406,
  "cameraPoseARFrame" : [
    -0.28021398186683655,
    0.60842734575271606,
    -0.74249362945556641,
    -3.7648837566375732,
    -0.94452470541000366,
    -0.036703042685985565,
    0.3263837993144989,
    -0.057134091854095459,
    0.17132894694805145,
    0.79276067018508911,
    0.58495908975601196,
    0.37251555919647217,
    0,
    0,
    0,
    1
  ]
}