{
  "projectionMatrix" : [
    1.4979007244110107,
    0,
    -0.003747105598449707,
    0,
    0,
    1.9972010850906372,
    0.0072255730628967285,
    0,
    0,
    0,
    -0.9999997615814209,
    -0.00099999981466680765,
    0,
    0,
    -1,
    0
  ],
  "time" : 734444.94708037516,
  "cameraGrain" : 0,
  "averageAngularVelocity" : 0.2503567636013031,
  "exposureDuration" : 0.01666666753590107,
  "frame_index" : 65,
  "motionQuality" : 0.92846947908401489,
  "intrinsics" : [
    1437.9847412109375,
    0,
    963.09722900390625,
    0,
    1437.9847412109375,
    724.702392578125,
    0,
    0,
    1
  ],
  "averageVelocity" : 0.08349338173866272,
  "cameraPoseARFrame" : [
    0.18590937554836273,
    -0.86039459705352783,
    0.47450920939445496,
    0.51987320184707642,
    -0.94821822643280029,
    -0.030528910458087921,
    0.31614929437637329,
    0.004331046249717474,
    -0.25752681493759155,
    -0.50871330499649048,
    -0.82151728868484497,
    -1.5521537065505981,
    0,
    0,
    0,
    0.99999994039535522
  ]
}