{
  "projectionMatrix" : [
    1.5024420022964478,
    0,
    -0.0041252374649047852,
    0,
    0,
    2.00325608253479,
    0.0072829127311706543,
    0,
    0,
    0,
    -0.9999997615814209,
    -0.00099999981466680765,
    0,
    0,
    -1,
    0
  ],
  "time" : 734462.40542345855,
  "cameraGrain" : 0,
  "averageAngularVelocity" : 0.5348275899887085,
  "exposureDuration" : 0.01666666753590107,
  "frame_index" : 98,
  "motionQuality" : 0.84719210863113403,
  "intrinsics" : [
    1442.3443603515625,
    0,
    963.46026611328125,
    0,
    1442.3443603515625,
    724.74371337890625,
    0,
    0,
    1
  ],
  "averageVelocity" : 0.11028838157653809,
  "cameraPoseARFrame" : [
    0.017129385843873024,
    0.92523133754730225,
    0.37901678681373596,
    -3.0057189464569092,
    -0.99659347534179688,
    -0.014786264859139919,
    0.081135556101799011,
    0.023517215624451637,
    0.080673396587371826,
    -0.37911549210548401,
    0.92182612419128418,
    -0.75902807712554932,
    0,
    0,
    0,
    0.99999994039535522
  ]
}