{
  "projectionMatrix" : [
    1.4972686767578125,
    0,
    -0.0039386749267578125,
    0,
    0,
    1.9963582754135132,
    0.0076199173927307129,
    0,
    0,
    0,
    -0.9999997615814209,
    -0.00099999981466680765,
    0,
    0,
    -1,
    0
  ],
  "time" : 734435.4100525002,
  "cameraGrain" : 0,
  "averageAngularVelocity" : 0.11451299488544464,
  "exposureDuration" : 0.01666666753590107,
  "frame_index" : 47,
  "motionQuality" : 0.89661121368408203,
  "intrinsics" : [
    1437.3779296875,
    0,
    963.2811279296875,
    0,
    1437.3779296875,
    724.986328125,
    0,
    0,
    1
  ],
  "averageVelocity" : 0.36186066269874573,
  "cameraPoseARFrame" : [
    0.16230602562427521,
    -0.85394656658172607,
    0.49440085887908936,
    2.2429885864257812,
    -0.95631706714630127,
    -0.012673894874751568,
    0.29205688834190369,
    0.025755072012543678,
    -0.243135005235672,
    -0.5202065110206604,
    -0.81870061159133911,
    -1.6571296453475952,
    0,
    0,
    0,
    0.99999994039535522
  ]
}