{
  "projectionMatrix" : [
    1.5003795623779297,
    0,
    -0.0040302276611328125,
    0,
    0,
    2.0005061626434326,
    0.0073094964027404785,
    0,
    0,
    0,
    -0.9999997615814209,
    -0.00099999981466680765,
    0,
    0,
    -1,
    0
  ],
  "time" : 734463.4704391252,
  "cameraGrain" : 0,
  "averageAngularVelocity" : 0.10275635123252869,
  "exposureDuration" : 0.01666666753590107,
  "frame_index" : 100,
  "motionQuality" : 0.90623193979263306,
  "intrinsics" : [
    1440.3643798828125,
    0,
    963.3690185546875,
    0,
    1440.3643798828125,
    724.7628173828125,
    0,
    0,
    1
  ],
  "averageVelocity" : 0.3281882107257843,
  "cameraPoseARFrame" : [
    -0.039225567132234573,
    0.99860566854476929,
    -0.035332582890987396,
    -3.1181638240814209,
    -0.99075162410736084,
    -0.034271791577339172,
    0.13128922879695892,
    0.012006128206849098,
    0.12989525496959686,
    0.040155746042728424,
    0.99071419239044189,
    -0.47530093789100647,
    0,
    0,
    0,
    0.99999994039535522
  ]
}