{
  "projectionMatrix" : [
    1.4984116554260254,
    0,
    -0.0040091276168823242,
    0,
    0,
    1.9978822469711304,
    0.0072217583656311035,
    0,
    0,
    0,
    -0.9999997615814209,
    -0.00099999981466680765,
    0,
    0,
    -1,
    0
  ],
  "time" : 734453.40159050014,
  "cameraGrain" : 0,
  "averageAngularVelocity" : 0.083666175603866577,
  "exposureDuration" : 0.01666666753590107,
  "frame_index" : 81,
  "motionQuality" : 0.93292999267578125,
  "intrinsics" : [
    1438.4752197265625,
    0,
    963.34881591796875,
    0,
    1438.4752197265625,
    724.69964599609375,
    0,
    0,
    1
  ],
  "averageVelocity" : 0.23474504053592682,
  "cameraPoseARFrame" : [
    0.080260723829269409,
    -0.95468175411224365,
    0.28660264611244202,
    -1.3410274982452393,
    -0.98173505067825317,
    -0.025953430682420731,
    0.18847523629665375,
    0.0079028904438018799,
    -0.1724955141544342,
    -0.2964949905872345,
    -0.93932747840881348,
    -1.3257951736450195,
    0,
    0,
    0,
    1
  ]
}