{
  "projectionMatrix" : [
    1.4971815347671509,
    0,
    -0.0040609836578369141,
    0,
    0,
    1.9962420463562012,
    0.0076313614845275879,
    0,
    0,
    0,
    -0.9999997615814209,
    -0.00099999981466680765,
    0,
    0,
    -1,
    0
  ],
  "time" : 734459.79133620847,
  "cameraGrain" : 0,
  "averageAngularVelocity" : 0.794189453125,
  "exposureDuration" : 0.01666666753590107,
  "frame_index" : 93,
  "motionQuality" : 0.77308869361877441,
  "intrinsics" : [
    1437.2943115234375,
    0,
    963.3985595703125,
    0,
    1437.2943115234375,
    724.99456787109375,
    0,
    0,
    1
  ],
  "averageVelocity" : 0.23077143728733063,
  "cameraPoseARFrame" : [
    0.091294452548027039,
    -0.30573603510856628,
    0.94772922992706299,
    -2.5935397148132324,
    -0.99575328826904297,
    -0.039358612149953842,
    0.08322356641292572,
    0.00075954815838485956,
    0.011856865137815475,
    -0.95130240917205811,
    -0.30803081393241882,
    -0.74726301431655884,
    0,
    0,
    0,
    0.9999997615814209
  ]
}