{
  "projectionMatrix" : [
    1.4984645843505859,
    0,
    -0.0039956569671630859,
    0,
    0,
    1.9979528188705444,
    0.0075267553329467773,
    0,
    0,
    0,
    -0.9999997615814209,
    -0.00099999981466680765,
    0,
    0,
    -1,
    0
  ],
  "time" : 734452.33624912519,
  "cameraGrain" : 0,
  "averageAngularVelocity" : 0.29794743657112122,
  "exposureDuration" : 0.01666666753590107,
  "frame_index" : 79,
  "motionQuality" : 0.90406471490859985,
  "intrinsics" : [
    1438.5260009765625,
    0,
    963.3358154296875,
    0,
    1438.5260009765625,
    724.91925048828125,
    0,
    0,
    1
  ],
  "averageVelocity" : 0.33577340841293335,
  "cameraPoseARFrame" : [
    0.12334701418876648,
    -0.93252921104431152,
    0.33937457203865051,
    -1.0396119356155396,
    -0.98247861862182617,
    -0.066605240106582642,
    0.17406858503818512,
    0.012864047661423683,
    -0.1397198885679245,
    -0.3548990786075592,
    -0.92440533638000488,
    -1.3620193004608154,
    0,
    0,
    0,
    0.99999994039535522
  ]
}