{
  "projectionMatrix" : [
    1.4972459077835083,
    0,
    -0.0037807226181030273,
    0,
    0,
    1.9963278770446777,
    0.0075328350067138672,
    0,
    0,
    0,
    -0.9999997615814209,
    -0.00099999981466680765,
    0,
    0,
    -1,
    0
  ],
  "time" : 734445.99531258352,
  "cameraGrain" : 0,
  "averageAngularVelocity" : 0.18249344825744629,
  "exposureDuration" : 0.01666666753590107,
  "frame_index" : 67,
  "motionQuality" : 0.90290266275405884,
  "intrinsics" : [
    1437.3560791015625,
    0,
    963.12945556640625,
    0,
    1437.3560791015625,
    724.92364501953125,
    0,
    0,
    1
  ],
  "averageVelocity" : 0.33984065055847168,
  "cameraPoseARFrame" : [
    0.16494528949260712,
    -0.85817152261734009,
    0.48614311218261719,
    0.34182789921760559,
    -0.96096229553222656,
    -0.02881910465657711,
    0.2751750648021698,
    0.0072464644908905029,
    -0.22213710844516754,
    -0.51255398988723755,
    -0.82942372560501099,
    -1.5497941970825195,
    0,
    0,
    0,
    1
  ]
}