{
  "time" : 734416.83704854187,
  "motionQuality" : 0.88445347547531128,
  "projectionMatrix" : [
    1.4967767000198364,
    0,
    -0.0038470029830932617,
    0,
    0,
    1.9957022666931152,
    0.0071513652801513672,
    0,
    0,
    0,
    -0.9999997615814209,
    -0.00099999981466680765,
    0,
    0,
    -1,
    0
  ],
  "averageVelocity" : 0.40441280603408813,
  "cameraGrain" : 0,
  "frame_index" : 12,
  "exposureDuration" : 0.01666666753590107,
  "averageAngularVelocity" : 0.14057642221450806,
  "intrinsics" : [
    1436.9056396484375,
    0,
    963.19317626953125,
    0,
    1436.9056396484375,
    724.64898681640625,
    0,
    0,
    1
  ],
  "cameraPoseARFrame" : [
    -0.057031050324440002,
    0.99837189912796021,
    0.0011161129223182797,
    4.5792117118835449,
    -0.94336438179016113,
    -0.054254699498414993,
    0.32729247212409973,
    -0.014336591586470604,
    0.32682010531425476,
    0.017612917348742485,
    0.94492244720458984,
    1.7940630912780762,
    0,
    0,
    0,
    0.99999994039535522
  ]
}