{
  "cameraPoseARFrame" : [
    -0.01891045831143856,
    0.9986264705657959,
    0.048862528055906296,
    4.7210597991943359,
    -0.93394410610198975,
    -0.035089526325464249,
    0.35569265484809875,
    -0.031986899673938751,
    0.35691866278648376,
    -0.038908496499061584,
    0.93332475423812866,
    3.854689359664917,
    0,
    0,
    0,
    0.99999994039535522
  ],
  "motionQuality" : 1,
  "projectionMatrix" : [
    1.496674656867981,
    0,
    -0.003693699836730957,
    0,
    0,
    1.9955661296844482,
    0.0074964165687561035,
    0,
    0,
    0,
    -0.9999997615814209,
    -0.00099999981466680765,
    0,
    0,
    -1,
    0
  ],
  "averageVelocity" : 0,
  "cameraGrain" : 0,
  "frame_index" : 0,
  "exposureDuration" : 0.01666666753590107,
  "averageAngularVelocity" : 0,
  "intrinsics" : [
    1436.8076171875,
    0,
    963.04595947265625,
    0,
    1436.8076171875,
    724.89739990234375,
    0,
    0,
    1
  ],
  "time" : 734410.50633983349
}