{
  "projectionMatrix" : [
    1.4977568387985229,
    0,
    -0.0038367509841918945,
    0,
    0,
    1.9970091581344604,
    0.0072723627090454102,
    0,
    0,
    0,
    -0.9999997615814209,
    -0.00099999981466680765,
    0,
    0,
    -1,
    0
  ],
  "time" : 734448.62558195845,
  "cameraGrain" : 0,
  "averageAngularVelocity" : 0,
  "exposureDuration" : 0.01666666753590107,
  "frame_index" : 72,
  "motionQuality" : 0.96135032176971436,
  "intrinsics" : [
    1437.8465576171875,
    0,
    963.18328857421875,
    0,
    1437.8465576171875,
    724.736083984375,
    0,
    0,
    1
  ],
  "averageVelocity" : 0.13527381420135498,
  "cameraPoseARFrame" : [
    0.1917957216501236,
    -0.84930169582366943,
    0.49183458089828491,
    -0.22708071768283844,
    -0.95970183610916138,
    -0.057420141994953156,
    0.27509182691574097,
    0.0005660295719280839,
    -0.20539472997188568,
    -0.5247759222984314,
    -0.82608914375305176,
    -1.4358280897140503,
    0,
    0,
    0,
    0.99999994039535522
  ]
}