{
  "projectionMatrix" : [
    1.4979724884033203,
    0,
    -0.0041584968566894531,
    0,
    0,
    1.9972966909408569,
    0.0066428184509277344,
    0,
    0,
    0,
    -0.9999997615814209,
    -0.00099999981466680765,
    0,
    0,
    -1,
    0
  ],
  "time" : 734478.88013483351,
  "cameraGrain" : 0,
  "averageAngularVelocity" : 0.26655420660972595,
  "exposureDuration" : 0.01666666753590107,
  "frame_index" : 129,
  "motionQuality" : 0.89485520124435425,
  "intrinsics" : [
    1438.0535888671875,
    0,
    963.4921875,
    0,
    1438.0535888671875,
    724.2828369140625,
    0,
    0,
    1
  ],
  "averageVelocity" : 0.36800679564476013,
  "cameraPoseARFrame" : [
    -0.15268515050411224,
    0.74388802051544189,
    -0.65062892436981201,
    -1.4083476066589355,
    -0.98556977510452271,
    -0.065936349332332611,
    0.15589934587478638,
    0.032555621117353439,
    0.07307155430316925,
    0.66504365205764771,
    0.74322092533111572,
    -0.25601488351821899,
    0,
    0,
    0,
    0.99999982118606567
  ]
}