{
  "projectionMatrix" : [
    1.4979082345962524,
    0,
    -0.0040227174758911133,
    0,
    0,
    1.9972109794616699,
    0.0061892271041870117,
    0,
    0,
    0,
    -0.9999997615814209,
    -0.00099999981466680765,
    0,
    0,
    -1,
    0
  ],
  "time" : 734477.26709004177,
  "cameraGrain" : 0,
  "averageAngularVelocity" : 0.056066229939460754,
  "exposureDuration" : 0.01666666753590107,
  "frame_index" : 126,
  "motionQuality" : 0.92464667558670044,
  "intrinsics" : [
    1437.991943359375,
    0,
    963.36181640625,
    0,
    1437.991943359375,
    723.95623779296875,
    0,
    0,
    1
  ],
  "averageVelocity" : 0.2637365460395813,
  "cameraPoseARFrame" : [
    -0.14727932214736938,
    0.77217477560043335,
    -0.61810630559921265,
    -1.8245186805725098,
    -0.98688673973083496,
    -0.072986125946044922,
    0.14397193491458893,
    0.026920169591903687,
    0.06605827808380127,
    0.63120490312576294,
    0.77279806137084961,
    -0.18083617091178894,
    0,
    0,
    0,
    1
  ]
}