{
  "projectionMatrix" : [
    1.4966858625411987,
    0,
    -0.0039397478103637695,
    0,
    0,
    1.9955812692642212,
    0.0069615840911865234,
    0,
    0,
    0,
    -0.9999997615814209,
    -0.00099999981466680765,
    0,
    0,
    -1,
    0
  ],
  "time" : 734471.44073375012,
  "cameraGrain" : 0,
  "averageAngularVelocity" : 0.055008355528116226,
  "exposureDuration" : 0.01666666753590107,
  "frame_index" : 115,
  "motionQuality" : 0.91377490758895874,
  "intrinsics" : [
    1436.8184814453125,
    0,
    963.2821044921875,
    0,
    1436.8184814453125,
    724.5123291015625,
    0,
    0,
    1
  ],
  "averageVelocity" : 0.30178779363632202,
  "cameraPoseARFrame" : [
    -0.20362520217895508,
    0.71806037425994873,
    -0.66552704572677612,
    -3.5674562454223633,
    -0.97446060180664062,
    -0.082909248769283295,
    0.20869307219982147,
    -0.018030649051070213,
    0.094675861299037933,
    0.6910250186920166,
    0.71660375595092773,
    0.5161592960357666,
    0,
    0,
    0,
    0.99999994039535522
  ]
}