{
  "projectionMatrix" : [
    1.4983774423599243,
    0,
    -0.0040609836578369141,
    0,
    0,
    1.9978365898132324,
    0.0073580145835876465,
    0,
    0,
    0,
    -0.9999997615814209,
    -0.00099999981466680765,
    0,
    0,
    -1,
    0
  ],
  "time" : 734452.86939516687,
  "cameraGrain" : 0,
  "averageAngularVelocity" : 0.10591089725494385,
  "exposureDuration" : 0.01666666753590107,
  "frame_index" : 80,
  "motionQuality" : 0.91200566291809082,
  "intrinsics" : [
    1438.4423828125,
    0,
    963.3985595703125,
    0,
    1438.4423828125,
    724.79779052734375,
    0,
    0,
    1
  ],
  "averageVelocity" : 0.3079802393913269,
  "cameraPoseARFrame" : [
    0.047056891024112701,
    -0.9643404483795166,
    0.26044830679893494,
    -1.2257487773895264,
    -0.98169273138046265,
    0.0035300422459840775,
    0.19043919444084167,
    0.017074191942811012,
    -0.18456760048866272,
    -0.26464164257049561,
    -0.94651973247528076,
    -1.3695025444030762,
    0,
    0,
    0,
    0.99999994039535522
  ]
}