{
  "projectionMatrix" : [
    1.4972118139266968,
    0,
    -0.0037931203842163086,
    0,
    0,
    1.9962824583053589,
    0.0075827836990356445,
    0,
    0,
    0,
    -0.9999997615814209,
    -0.00099999981466680765,
    0,
    0,
    -1,
    0
  ],
  "time" : 734437.54031133349,
  "cameraGrain" : 0,
  "averageAngularVelocity" : 0.067965641617774963,
  "exposureDuration" : 0.01666666753590107,
  "frame_index" : 51,
  "motionQuality" : 0.97202658653259277,
  "intrinsics" : [
    1437.3233642578125,
    0,
    963.14141845703125,
    0,
    1437.3233642578125,
    724.9595947265625,
    0,
    0,
    1
  ],
  "averageVelocity" : 0.097906932234764099,
  "cameraPoseARFrame" : [
    0.15234942734241486,
    -0.87831962108612061,
    0.45314949750900269,
    1.8500021696090698,
    -0.95640015602111816,
    -0.015421364456415176,
    0.29165232181549072,
    0.029359662905335426,
    -0.24917575716972351,
    -0.4778253436088562,
    -0.84237426519393921,
    -1.7114709615707397,
    0,
    0,
    0,
    0.99999994039535522
  ]
}