{
  "projectionMatrix" : [
    1.4972952604293823,
    0,
    -0.0038491487503051758,
    0,
    0,
    1.9963936805725098,
    0.0074657201766967773,
    0,
    0,
    0,
    -0.9999997615814209,
    -0.00099999981466680765,
    0,
    0,
    -1,
    0
  ],
  "time" : 734440.73612300016,
  "cameraGrain" : 0,
  "averageAngularVelocity" : 0.069196693599224091,
  "exposureDuration" : 0.01666666753590107,
  "frame_index" : 57,
  "motionQuality" : 0.93069946765899658,
  "intrinsics" : [
    1437.4034423828125,
    0,
    963.19512939453125,
    0,
    1437.4034423828125,
    724.87530517578125,
    0,
    0,
    1
  ],
  "averageVelocity" : 0.24255183339118958,
  "cameraPoseARFrame" : [
    0.13548652827739716,
    -0.89918380975723267,
    0.41606739163398743,
    1.309351921081543,
    -0.9594871997833252,
    -0.01437094435095787,
    0.28138577938079834,
    0.026754969730973244,
    -0.24703821539878845,
    -0.4373353123664856,
    -0.86470222473144531,
    -1.6923160552978516,
    0,
    0,
    0,
    0.99999994039535522
  ]
}