{
  "projectionMatrix" : [
    1.4977152347564697,
    0,
    -0.0039403438568115234,
    0,
    0,
    1.9969537258148193,
    0.0074615478515625,
    0,
    0,
    0,
    -0.9999997615814209,
    -0.00099999981466680765,
    0,
    0,
    -1,
    0
  ],
  "time" : 734447.59320908354,
  "cameraGrain" : 0,
  "averageAngularVelocity" : 0.18073573708534241,
  "exposureDuration" : 0.01666666753590107,
  "frame_index" : 70,
  "motionQuality" : 0.89318281412124634,
  "intrinsics" : [
    1437.806640625,
    0,
    963.28277587890625,
    0,
    1437.806640625,
    724.872314453125,
    0,
    0,
    1
  ],
  "averageVelocity" : 0.37386012077331543,
  "cameraPoseARFrame" : [
    0.13007578253746033,
    -0.8824043869972229,
    0.45215365290641785,
    -0.043804328888654709,
    -0.96626752614974976,
    -0.010582869872450829,
    0.25732317566871643,
    0.0096278069540858269,
    -0.22227801382541656,
    -0.47037288546562195,
    -0.85401511192321777,
    -1.4835385084152222,
    0,
    0,
    0,
    0.99999988079071045
  ]
}