{
  "projectionMatrix" : [
    1.4973140954971313,
    0,
    -0.0040509700775146484,
    0,
    0,
    1.9964187145233154,
    0.0062032341957092285,
    0,
    0,
    0,
    -0.9999997615814209,
    -0.00099999981466680765,
    0,
    0,
    -1,
    0
  ],
  "time" : 734475.66947354178,
  "cameraGrain" : 0,
  "averageAngularVelocity" : 0.082332536578178406,
  "exposureDuration" : 0.01666666753590107,
  "frame_index" : 123,
  "motionQuality" : 0.91940653324127197,
  "intrinsics" : [
    1437.4215087890625,
    0,
    963.388916015625,
    0,
    1437.4215087890625,
    723.96630859375,
    0,
    0,
    1
  ],
  "averageVelocity" : 0.28207719326019287,
  "cameraPoseARFrame" : [
    -0.17688864469528198,
    0.71469753980636597,
    -0.67669636011123657,
    -2.2480275630950928,
    -0.98320019245147705,
    -0.096853293478488922,
    0.15471652150154114,
    0.020944684743881226,
    0.045035239309072495,
    0.69269543886184692,
    0.71982288360595703,
    -0.097711324691772461,
    0,
    0,
    0,
    1
  ]
}