{
  "projectionMatrix" : [
    1.4973255395889282,
    0,
    -0.0040121078491210938,
    0,
    0,
    1.9964339733123779,
    0.0072190761566162109,
    0,
    0,
    0,
    -0.9999997615814209,
    -0.00099999981466680765,
    0,
    0,
    -1,
    0
  ],
  "time" : 734433.81210295844,
  "cameraGrain" : 0,
  "averageAngularVelocity" : 0.098384074866771698,
  "exposureDuration" : 0.01666666753590107,
  "frame_index" : 44,
  "motionQuality" : 0.94861853122711182,
  "intrinsics" : [
    1437.4324951171875,
    0,
    963.35162353515625,
    0,
    1437.4324951171875,
    724.69775390625,
    0,
    0,
    1
  ],
  "averageVelocity" : 0.17983508110046387,
  "cameraPoseARFrame" : [
    0.16994558274745941,
    -0.82895189523696899,
    0.53287643194198608,
    2.477114200592041,
    -0.9663119912147522,
    -0.03411850705742836,
    0.2551020085811615,
    0.034204136580228806,
    -0.19328634440898895,
    -0.55827832221984863,
    -0.80682432651519775,
    -1.6524693965911865,
    0,
    0,
    0,
    0.99999982118606567
  ]
}