{
  "projectionMatrix" : [
    1.4983131885528564,
    0,
    -0.003914952278137207,
    0,
    0,
    1.9977508783340454,
    0.0066174864768981934,
    0,
    0,
    0,
    -0.9999997615814209,
    -0.00099999981466680765,
    0,
    0,
    -1,
    0
  ],
  "time" : 734457.66225370846,
  "cameraGrain" : 0,
  "averageAngularVelocity" : 0.46733123064041138,
  "exposureDuration" : 0.01666666753590107,
  "frame_index" : 89,
  "motionQuality" : 0.86647677421569824,
  "intrinsics" : [
    1438.380615234375,
    0,
    963.25836181640625,
    0,
    1438.380615234375,
    724.26458740234375,
    0,
    0,
    1
  ],
  "averageVelocity" : 0.32963550090789795,
  "cameraPoseARFrame" : [
    0.11037447303533554,
    -0.93525135517120361,
    0.33633658289909363,
    -2.3371946811676025,
    -0.97594594955444336,
    -0.037973392754793167,
    0.21468029916286469,
    -0.0037448822986334562,
    -0.18800820410251617,
    -0.35194152593612671,
    -0.9169459342956543,
    -1.035153865814209,
    0,
    0,
    0,
    0.99999988079071045
  ]
}