{
  "time" : 734420.56474541686,
  "motionQuality" : 0.89638185501098633,
  "projectionMatrix" : [
    1.4958988428115845,
    0,
    -0.0037137269973754883,
    0,
    0,
    1.9945317506790161,
    0.0074453353881835938,
    0,
    0,
    0,
    -0.9999997615814209,
    -0.00099999981466680765,
    0,
    0,
    -1,
    0
  ],
  "averageVelocity" : 0.36266356706619263,
  "cameraGrain" : 0,
  "frame_index" : 19,
  "exposureDuration" : 0.01666666753590107,
  "averageAngularVelocity" : 0.2622738778591156,
  "intrinsics" : [
    1436.0628662109375,
    0,
    963.06512451171875,
    0,
    1436.0628662109375,
    724.86065673828125,
    0,
    0,
    1
  ],
  "cameraPoseARFrame" : [
    0.025970624759793282,
    0.9756893515586853,
    0.21761421859264374,
    4.5457024574279785,
    -0.92703759670257568,
    -0.057951219379901886,
    0.37046352028846741,
    -0.027512257918715477,
    0.37406826019287109,
    -0.2113577127456665,
    0.90299546718597412,
    0.082792133092880249,
    0,
    0,
    0,
    0.99999994039535522
  ]
}