{
  "projectionMatrix" : [
    1.4965420961380005,
    0,
    -0.0041178464889526367,
    0,
    0,
    1.995389461517334,
    0.006941676139831543,
    0,
    0,
    0,
    -0.9999997615814209,
    -0.00099999981466680765,
    0,
    0,
    -1,
    0
  ],
  "time" : 734490.01431095845,
  "cameraGrain" : 0,
  "averageAngularVelocity" : 0.16682712733745575,
  "exposureDuration" : 0.01666666753590107,
  "frame_index" : 150,
  "motionQuality" : 0.91748809814453125,
  "intrinsics" : [
    1436.680419921875,
    0,
    963.453125,
    0,
    1436.680419921875,
    724.49798583984375,
    0,
    0,
    1
  ],
  "averageVelocity" : 0.2887917160987854,
  "cameraPoseARFrame" : [
    -0.17268186807632446,
    0.32864701747894287,
    -0.92853230237960815,
    1.8270043134689331,
    -0.98497462272644043,
    -0.05998537689447403,
    0.16194723546504974,
    0.039013553410768509,
    -0.0024748847354203463,
    0.94254589080810547,
    0.33406728506088257,
    -0.86435598134994507,
    0,
    0,
    0,
    0.99999988079071045
  ]
}