{
  "time" : 734425.3076343335,
  "motionQuality" : 0.92996472120285034,
  "projectionMatrix" : [
    1.4966820478439331,
    0,
    -0.0038037300109863281,
    0,
    0,
    1.9955761432647705,
    0.0068705081939697266,
    0,
    0,
    0,
    -0.9999997615814209,
    -0.00099999981466680765,
    0,
    0,
    -1,
    0
  ],
  "averageVelocity" : 0.15231782197952271,
  "cameraGrain" : 0,
  "frame_index" : 28,
  "exposureDuration" : 0.01666666753590107,
  "averageAngularVelocity" : 0.24512341618537903,
  "intrinsics" : [
    1436.8148193359375,
    0,
    963.15155029296875,
    0,
    1436.8148193359375,
    724.44677734375,
    0,
    0,
    1
  ],
  "cameraPoseARFrame" : [
    0.27710515260696411,
    -0.29744893312454224,
    0.91363924741744995,
    4.1561765670776367,
    -0.95957094430923462,
    -0.13451814651489258,
    0.24724172055721283,
    -0.0044172583147883415,
    0.049359295517206192,
    -0.94521373510360718,
    -0.3226989209651947,
    -0.84647983312606812,
    0,
    0,
    0,
    0.99999982118606567
  ]
}