{
  "projectionMatrix" : [
    1.4964966773986816,
    0,
    -0.0039831399917602539,
    0,
    0,
    1.9953289031982422,
    0.0067126154899597168,
    0,
    0,
    0,
    -0.9999997615814209,
    -0.00099999981466680765,
    0,
    0,
    -1,
    0
  ],
  "time" : 734490.51456575014,
  "cameraGrain" : 0,
  "averageAngularVelocity" : 0.27337914705276489,
  "exposureDuration" : 0.01666666753590107,
  "frame_index" : 151,
  "motionQuality" : 0.90038228034973145,
  "intrinsics" : [
    1436.6368408203125,
    0,
    963.3238525390625,
    0,
    1436.6368408203125,
    724.33306884765625,
    0,
    0,
    1
  ],
  "averageVelocity" : 0.34866198897361755,
  "cameraPoseARFrame" : [
    -0.160798579454422,
    0.24437582492828369,
    -0.95625531673431396,
    1.9603997468948364,
    -0.98698729276657104,
    -0.039380330592393875,
    0.1559024304151535,
    0.03376191109418869,
    0.00044114061165601015,
    0.96888065338134766,
    0.24752816557884216,
    -0.91720366477966309,
    0,
    0,
    0,
    0.99999994039535522
  ]
}