{
  "projectionMatrix" : [
    1.4965043067932129,
    0,
    -0.0041995048522949219,
    0,
    0,
    1.9953391551971436,
    0.0071662068367004395,
    0,
    0,
    0,
    -0.9999997615814209,
    -0.00099999981466680765,
    0,
    0,
    -1,
    0
  ],
  "time" : 734488.9505103752,
  "cameraGrain" : 0,
  "averageAngularVelocity" : 0.13996981084346771,
  "exposureDuration" : 0.01666666753590107,
  "frame_index" : 148,
  "motionQuality" : 0.9064982533454895,
  "intrinsics" : [
    1436.6441650390625,
    0,
    963.53155517578125,
    0,
    1436.6441650390625,
    724.65966796875,
    0,
    0,
    1
  ],
  "averageVelocity" : 0.32725620269775391,
  "cameraPoseARFrame" : [
    -0.15601633489131927,
    0.43840914964675903,
    -0.88513076305389404,
    1.4615465402603149,
    -0.98775017261505127,
    -0.066573448479175568,
    0.14113028347492218,
    0.039991103112697601,
    0.0029466042760759592,
    0.89630663394927979,
    0.44342514872550964,
    -0.84994763135910034,
    0,
    0,
    0,
    0.99999994039535522
  ]
}