{
  "time" : 734421.09718895855,
  "motionQuality" : 0.8450087308883667,
  "projectionMatrix" : [
    1.4958760738372803,
    0,
    -0.0036892890930175781,
    0,
    0,
    1.9945013523101807,
    0.0071448683738708496,
    0,
    0,
    0,
    -0.9999997615814209,
    -0.00099999981466680765,
    0,
    0,
    -1,
    0
  ],
  "averageVelocity" : 0.38311788439750671,
  "cameraGrain" : 0,
  "frame_index" : 20,
  "exposureDuration" : 0.01666666753590107,
  "averageAngularVelocity" : 0.5424695611000061,
  "intrinsics" : [
    1436.041015625,
    0,
    963.04168701171875,
    0,
    1436.041015625,
    724.644287109375,
    0,
    0,
    1
  ],
  "cameraPoseARFrame" : [
    0.14273355901241302,
    0.87744605541229248,
    0.45794740319252014,
    4.5017433166503906,
    -0.93029290437698364,
    -0.039028890430927277,
    0.36473557353019714,
    -0.024706816300749779,
    0.33790889382362366,
    -0.47808519005775452,
    0.8107108473777771,
    -0.1209450364112854,
    0,
    0,
    0,
    0.99999994039535522
  ]
}