{
  "projectionMatrix" : [
    1.4979346990585327,
    0,
    -0.003704071044921875,
    0,
    0,
    1.997246265411377,
    0.0068444013595581055,
    0,
    0,
    0,
    -0.9999997615814209,
    -0.00099999981466680765,
    0,
    0,
    -1,
    0
  ],
  "time" : 734493.6930045418,
  "cameraGrain" : 0,
  "averageAngularVelocity" : 0.040791071951389313,
  "exposureDuration" : 0.01666666753590107,
  "frame_index" : 157,
  "motionQuality" : 0.96865051984786987,
  "intrinsics" : [
    1438.017333984375,
    0,
    963.055908203125,
    0,
    1438.017333984375,
    724.427978515625,
    0,
    0,
    1
  ],
  "averageVelocity" : 0.10972324758768082,
  "cameraPoseARFrame" : [
    -0.23354430496692657,
    -0.51443547010421753,
    -0.82511401176452637,
    2.8912582397460938,
    -0.94394975900650024,
    -0.083627998828887939,
    0.31931984424591064,
    -0.020799081772565842,
    -0.23327209055423737,
    0.85344147682189941,
    -0.46607038378715515,
    -1.1846977472305298,
    0,
    0,
    0,
    0.99999988079071045
  ]
}