{
  "projectionMatrix" : [
    1.4985024929046631,
    0,
    -0.0041215419769287109,
    0,
    0,
    1.9980032444000244,
    0.0066937804222106934,
    0,
    0,
    0,
    -0.9999997615814209,
    -0.00099999981466680765,
    0,
    0,
    -1,
    0
  ],
  "time" : 734479.91276929178,
  "cameraGrain" : 0,
  "averageAngularVelocity" : 0.14501646161079407,
  "exposureDuration" : 0.01666666753590107,
  "frame_index" : 131,
  "motionQuality" : 0.92511075735092163,
  "intrinsics" : [
    1438.5623779296875,
    0,
    963.45672607421875,
    0,
    1438.5623779296875,
    724.31951904296875,
    0,
    0,
    1
  ],
  "averageVelocity" : 0.26211225986480713,
  "cameraPoseARFrame" : [
    -0.14451368153095245,
    0.81092989444732666,
    -0.56701767444610596,
    -1.1744892597198486,
    -0.98949545621871948,
    -0.12067712843418121,
    0.079600624740123749,
    0.043606609106063843,
    -0.0038755394052714109,
    0.57256472110748291,
    0.8198506236076355,
    -0.3056933581829071,
    0,
    0,
    0,
    1
  ]
}