{
  "projectionMatrix" : [
    1.4978553056716919,
    0,
    -0.0041719675064086914,
    0,
    0,
    1.9971402883529663,
    0.0071991682052612305,
    0,
    0,
    0,
    -0.9999997615814209,
    -0.00099999981466680765,
    0,
    0,
    -1,
    0
  ],
  "time" : 734487.90155208344,
  "cameraGrain" : 0,
  "averageAngularVelocity" : 0.076374106109142303,
  "exposureDuration" : 0.01666666753590107,
  "frame_index" : 146,
  "motionQuality" : 0.89846599102020264,
  "intrinsics" : [
    1437.9410400390625,
    0,
    963.50506591796875,
    0,
    1437.9410400390625,
    724.68341064453125,
    0,
    0,
    1
  ],
  "averageVelocity" : 0.35536894202232361,
  "cameraPoseARFrame" : [
    -0.099025599658489227,
    0.57464385032653809,
    -0.81239050626754761,
    1.1626718044281006,
    -0.99432212114334106,
    -0.025179462507367134,
    0.10339126735925674,
    0.052863676100969315,
    0.038957588374614716,
    0.81801611185073853,
    0.57387429475784302,
    -0.68771988153457642,
    0,
    0,
    0,
    0.99999988079071045
  ]
}