{
  "projectionMatrix" : [
    1.4992026090621948,
    0,
    -0.0042281150817871094,
    0,
    0,
    1.9989367723464966,
    0.0070025324821472168,
    0,
    0,
    0,
    -0.9999997615814209,
    -0.00099999981466680765,
    0,
    0,
    -1,
    0
  ],
  "time" : 734486.83647241688,
  "cameraGrain" : 0,
  "averageAngularVelocity" : 0.26298108696937561,
  "exposureDuration" : 0.01666666753590107,
  "frame_index" : 144,
  "motionQuality" : 0.92242264747619629,
  "intrinsics" : [
    1439.2344970703125,
    0,
    963.55902099609375,
    0,
    1439.2344970703125,
    724.54180908203125,
    0,
    0,
    1
  ],
  "averageVelocity" : 0.2715207040309906,
  "cameraPoseARFrame" : [
    -0.060125887393951416,
    0.65586447715759277,
    -0.75248044729232788,
    0.76963412761688232,
    -0.99808764457702637,
    -0.050347249954938889,
    0.035867948085069656,
    0.066951386630535126,
    -0.014360815286636353,
    0.75319790840148926,
    0.65763711929321289,
    -0.66032904386520386,
    0,
    0,
    0,
    0.99999994039535522
  ]
}