{
  "projectionMatrix" : [
    1.4971929788589478,
    0,
    -0.003767848014831543,
    0,
    0,
    1.9962573051452637,
    0.0075256228446960449,
    0,
    0,
    0,
    -0.9999997615814209,
    -0.00099999981466680765,
    0,
    0,
    -1,
    0
  ],
  "time" : 734440.20306341688,
  "cameraGrain" : 0,
  "averageAngularVelocity" : 0.31061136722564697,
  "exposureDuration" : 0.01666666753590107,
  "frame_index" : 56,
  "motionQuality" : 0.91125386953353882,
  "intrinsics" : [
    1437.3052978515625,
    0,
    963.11712646484375,
    0,
    1437.3052978515625,
    724.91845703125,
    0,
    0,
    1
  ],
  "averageVelocity" : 0.2974541187286377,
  "cameraPoseARFrame" : [
    0.1859293133020401,
    -0.86458545923233032,
    0.4668215811252594,
    1.4644550085067749,
    -0.95463657379150391,
    -0.046487092971801758,
    0.29412275552749634,
    0.015581721439957619,
    -0.23259305953979492,
    -0.50033092498779297,
    -0.83400809764862061,
    -1.6838492155075073,
    0,
    0,
    0,
    0.99999994039535522
  ]
}