{
  "projectionMatrix" : [
    1.4958646297454834,
    0,
    -0.003712773323059082,
    0,
    0,
    1.9944860935211182,
    0.0068485736846923828,
    0,
    0,
    0,
    -0.9999997615814209,
    -0.00099999981466680765,
    0,
    0,
    -1,
    0
  ],
  "time" : 734470.37644908344,
  "cameraGrain" : 0,
  "averageAngularVelocity" : 0.20522157847881317,
  "exposureDuration" : 0.01666666753590107,
  "frame_index" : 113,
  "motionQuality" : 0.89980542659759521,
  "intrinsics" : [
    1436.030029296875,
    0,
    963.064208984375,
    0,
    1436.030029296875,
    724.43096923828125,
    0,
    0,
    1
  ],
  "averageVelocity" : 0.35068094730377197,
  "cameraPoseARFrame" : [
    -0.22270512580871582,
    0.66119688749313354,
    -0.71639454364776611,
    -3.8939144611358643,
    -0.96542257070541382,
    -0.047437615692615509,
    0.2563377320766449,
    -0.037801928818225861,
    0.13550566136837006,
    0.74871110916137695,
    0.6488988995552063,
    0.6059492826461792,
    0,
    0,
    0,
    0.99999994039535522
  ]
}