{
  "projectionMatrix" : [
    1.497234582901001,
    0,
    -0.0037974119186401367,
    0,
    0,
    1.9963128566741943,
    0.0072931051254272461,
    0,
    0,
    0,
    -0.9999997615814209,
    -0.00099999981466680765,
    0,
    0,
    -1,
    0
  ],
  "time" : 734434.87749508349,
  "cameraGrain" : 0,
  "averageAngularVelocity" : 0.11467771977186203,
  "exposureDuration" : 0.01666666753590107,
  "frame_index" : 46,
  "motionQuality" : 0.94716554880142212,
  "intrinsics" : [
    1437.34521484375,
    0,
    963.1455078125,
    0,
    1437.34521484375,
    724.75103759765625,
    0,
    0,
    1
  ],
  "averageVelocity" : 0.18492059409618378,
  "cameraPoseARFrame" : [
    0.20602118968963623,
    -0.82280737161636353,
    0.52966374158859253,
    2.4187436103820801,
    -0.95862001180648804,
    -0.061024375259876251,
    0.27807208895683289,
    0.025421857833862305,
    -0.19647733867168427,
    -0.56503498554229736,
    -0.80133163928985596,
    -1.630523681640625,
    0,
    0,
    0,
    1
  ]
}