{
  "projectionMatrix" : [
    1.4989715814590454,
    0,
    -0.0040556192398071289,
    0,
    0,
    1.9986287355422974,
    0.0067287683486938477,
    0,
    0,
    0,
    -0.9999997615814209,
    -0.00099999981466680765,
    0,
    0,
    -1,
    0
  ],
  "time" : 734482.5750938335,
  "cameraGrain" : 0,
  "averageAngularVelocity" : 0.25626647472381592,
  "exposureDuration" : 0.01666666753590107,
  "frame_index" : 136,
  "motionQuality" : 0.92678099870681763,
  "intrinsics" : [
    1439.0126953125,
    0,
    963.3934326171875,
    0,
    1439.0126953125,
    724.3447265625,
    0,
    0,
    1
  ],
  "averageVelocity" : 0.2459292858839035,
  "cameraPoseARFrame" : [
    -0.10262160003185272,
    0.82097738981246948,
    -0.56166279315948486,
    -0.35708436369895935,
    -0.99195468425750732,
    -0.042383626103401184,
    0.1192886084318161,
    0.041002355515956879,
    0.074127934873104095,
    0.5693855881690979,
    0.81872165203094482,
    -0.38468503952026367,
    0,
    0,
    0,
    0.99999994039535522
  ]
}