{
  "projectionMatrix" : [
    1.4960236549377441,
    0,
    -0.0040601491928100586,
    0,
    0,
    1.9946982860565186,
    0.0071643590927124023,
    0,
    0,
    0,
    -0.9999997615814209,
    -0.00099999981466680765,
    0,
    0,
    -1,
    0
  ],
  "time" : 734460.82406275021,
  "cameraGrain" : 0,
  "averageAngularVelocity" : 0.58093076944351196,
  "exposureDuration" : 0.01666666753590107,
  "frame_index" : 95,
  "motionQuality" : 0.83401978015899658,
  "intrinsics" : [
    1436.1827392578125,
    0,
    963.39776611328125,
    0,
    1436.1827392578125,
    724.6583251953125,
    0,
    0,
    1
  ],
  "averageVelocity" : 0.23170711100101471,
  "cameraPoseARFrame" : [
    0.12222302705049515,
    0.4732387363910675,
    0.87241446971893311,
    -2.8014843463897705,
    -0.98844927549362183,
    -0.021322963759303093,
    0.15004579722881317,
    -0.00046253795153461397,
    0.089609920978546143,
    -0.88067632913589478,
    0.46516615152359009,
    -0.78189080953598022,
    0,
    0,
    0,
    0.99999994039535522
  ]
}