{
  "projectionMatrix" : [
    1.4990209341049194,
    0,
    -0.0040669441223144531,
    0,
    0,
    1.9986945390701294,
    0.0074138045310974121,
    0,
    0,
    0,
    -0.9999997615814209,
    -0.00099999981466680765,
    0,
    0,
    -1,
    0
  ],
  "time" : 734454.99848733353,
  "cameraGrain" : 0,
  "averageAngularVelocity" : 0.090823151171207428,
  "exposureDuration" : 0.01666666753590107,
  "frame_index" : 84,
  "motionQuality" : 0.91459059715270996,
  "intrinsics" : [
    1439.06005859375,
    0,
    963.404296875,
    0,
    1439.06005859375,
    724.83795166015625,
    0,
    0,
    1
  ],
  "averageVelocity" : 0.29893293976783752,
  "cameraPoseARFrame" : [
    0.073721185326576233,
    -0.97156625986099243,
    0.2249981164932251,
    -1.7267236709594727,
    -0.98176532983779907,
    -0.031063618138432503,
    0.18754172325134277,
    0.015110027976334095,
    -0.17521993815898895,
    -0.23472116887569427,
    -0.95613998174667358,
    -1.1720727682113647,
    0,
    0,
    0,
    0.99999982118606567
  ]
}