{
  "projectionMatrix" : [
    1.4985365867614746,
    0,
    -0.0041737556457519531,
    0,
    0,
    1.9980487823486328,
    0.0068808794021606445,
    0,
    0,
    0,
    -0.9999997615814209,
    -0.00099999981466680765,
    0,
    0,
    -1,
    0
  ],
  "time" : 734480.44537150022,
  "cameraGrain" : 0,
  "averageAngularVelocity" : 0.31229791045188904,
  "exposureDuration" : 0.01666666753590107,
  "frame_index" : 132,
  "motionQuality" : 0.89774423837661743,
  "intrinsics" : [
    1438.5950927734375,
    0,
    963.5068359375,
    0,
    1438.5950927734375,
    724.4542236328125,
    0,
    0,
    1
  ],
  "averageVelocity" : 0.35789519548416138,
  "cameraPoseARFrame" : [
    -0.095695763826370239,
    0.88601905107498169,
    -0.45366588234901428,
    -0.98077183961868286,
    -0.99124026298522949,
    -0.043146364390850067,
    0.12482529878616333,
    0.051980543881654739,
    0.091023549437522888,
    0.46163713932037354,
    0.88238650560379028,
    -0.24660071730613708,
    0,
    0,
    0,
    0.99999988079071045
  ]
}