{
  "projectionMatrix" : [
    1.4990247488021851,
    0,
    -0.0040668249130249023,
    0,
    0,
    1.9986996650695801,
    0.0066969990730285645,
    0,
    0,
    0,
    -0.9999997615814209,
    -0.00099999981466680765,
    0,
    0,
    -1,
    0
  ],
  "time" : 734481.51013329183,
  "cameraGrain" : 0,
  "averageAngularVelocity" : 0,
  "exposureDuration" : 0.01666666753590107,
  "frame_index" : 134,
  "motionQuality" : 0.91230839490890503,
  "intrinsics" : [
    1439.063720703125,
    0,
    963.4041748046875,
    0,
    1439.063720703125,
    724.32183837890625,
    0,
    0,
    1
  ],
  "averageVelocity" : 0.30692055821418762,
  "cameraPoseARFrame" : [
    -0.18183818459510803,
    0.79893279075622559,
    -0.5732724666595459,
    -0.71206969022750854,
    -0.98243308067321777,
    -0.12273095548152924,
    0.1405789703130722,
    0.035221647471189499,
    0.041954856365919113,
    0.58876442909240723,
    0.80721497535705566,
    -0.34576097130775452,
    0,
    0,
    0,
    0.99999982118606567
  ]
}