{
  "projectionMatrix" : [
    1.4973292350769043,
    0,
    -0.0038325786590576172,
    0,
    0,
    1.9964389801025391,
    0.0068299770355224609,
    0,
    0,
    0,
    -0.9999997615814209,
    -0.00099999981466680765,
    0,
    0,
    -1,
    0
  ],
  "time" : 734466.66572687519,
  "cameraGrain" : 0,
  "averageAngularVelocity" : 0.25561511516571045,
  "exposureDuration" : 0.01666666753590107,
  "frame_index" : 106,
  "motionQuality" : 0.9269670844078064,
  "intrinsics" : [
    1437.43603515625,
    0,
    963.1793212890625,
    0,
    1437.43603515625,
    724.4176025390625,
    0,
    0,
    1
  ],
  "averageVelocity" : 0.22426044940948486,
  "cameraPoseARFrame" : [
    -0.30267548561096191,
    0.65145611763000488,
    -0.69569587707519531,
    -3.6781823635101318,
    -0.93738484382629395,
    -0.071493901312351227,
    0.34087920188903809,
    -0.057490408420562744,
    0.17232981324195862,
    0.75531047582626343,
    0.63230437040328979,
    0.28161996603012085,
    0,
    0,
    0,
    1
  ]
}