{
  "projectionMatrix" : [
    1.5005308389663696,
    0,
    -0.0039681196212768555,
    0,
    0,
    2.0007078647613525,
    0.0073828697204589844,
    0,
    0,
    0,
    -0.9999997615814209,
    -0.00099999981466680765,
    0,
    0,
    -1,
    0
  ],
  "time" : 734461.87242220854,
  "cameraGrain" : 0,
  "averageAngularVelocity" : 0.33382564783096313,
  "exposureDuration" : 0.01666666753590107,
  "frame_index" : 97,
  "motionQuality" : 0.90462124347686768,
  "intrinsics" : [
    1440.5096435546875,
    0,
    963.30938720703125,
    0,
    1440.5096435546875,
    724.815673828125,
    0,
    0,
    1
  ],
  "averageVelocity" : 0,
  "cameraPoseARFrame" : [
    0.048623118549585342,
    0.83232253789901733,
    0.5521550178527832,
    -2.9946029186248779,
    -0.98680096864700317,
    -0.045460842549800873,
    0.15542633831501007,
    0.010341281071305275,
    0.15446627140045166,
    -0.55242425203323364,
    0.81912606954574585,
    -0.75913882255554199,
    0,
    0,
    0,
    0.99999994039535522
  ]
}