{
  "projectionMatrix" : [
    1.4971401691436768,
    0,
    -0.0038181543350219727,
    0,
    0,
    1.9961868524551392,
    0.0074633359909057617,
    0,
    0,
    0,
    -0.9999997615814209,
    -0.00099999981466680765,
    0,
    0,
    -1,
    0
  ],
  "time" : 734438.60540595849,
  "cameraGrain" : 0,
  "averageAngularVelocity" : 0.1727445125579834,
  "exposureDuration" : 0.01666666753590107,
  "frame_index" : 53,
  "motionQuality" : 0.91304153203964233,
  "intrinsics" : [
    1437.2545166015625,
    0,
    963.16546630859375,
    0,
    1437.2545166015625,
    724.87359619140625,
    0,
    0,
    1
  ],
  "averageVelocity" : 0.30435469746589661,
  "cameraPoseARFrame" : [
    0.16460011899471283,
    -0.88614314794540405,
    0.4331943690776825,
    1.7463870048522949,
    -0.95076525211334229,
    -0.025620400905609131,
    0.30885148048400879,
    0.022093379870057106,
    -0.26258793473243713,
    -0.46270307898521423,
    -0.84673100709915161,
    -1.6924945116043091,
    0,
    0,
    0,
    0.99999994039535522
  ]
}