{
  "projectionMatrix" : [
    1.4978022575378418,
    0,
    -0.0038713216781616211,
    0,
    0,
    1.9970695972442627,
    0.0074746608734130859,
    0,
    0,
    0,
    -0.9999997615814209,
    -0.00099999981466680765,
    0,
    0,
    -1,
    0
  ],
  "time" : 734448.12464337517,
  "cameraGrain" : 0,
  "averageAngularVelocity" : 0.12462463229894638,
  "exposureDuration" : 0.01666666753590107,
  "frame_index" : 71,
  "motionQuality" : 0.96081364154815674,
  "intrinsics" : [
    1437.89013671875,
    0,
    963.2164306640625,
    0,
    1437.89013671875,
    724.88177490234375,
    0,
    0,
    1
  ],
  "averageVelocity" : 0.13715216517448425,
  "cameraPoseARFrame" : [
    0.13946296274662018,
    -0.89433205127716064,
    0.42511230707168579,
    -0.17929078638553619,
    -0.9596901535987854,
    -0.016279736533761024,
    0.28058874607086182,
    0.0079629365354776382,
    -0.24401874840259552,
    -0.44710782170295715,
    -0.86055183410644531,
    -1.4751858711242676,
    0,
    0,
    0,
    0.99999994039535522
  ]
}