{
  "projectionMatrix" : [
    1.4974352121353149,
    0,
    -0.0039684772491455078,
    0,
    0,
    1.9965803623199463,
    0.006196439266204834,
    0,
    0,
    0,
    -0.9999997615814209,
    -0.00099999981466680765,
    0,
    0,
    -1,
    0
  ],
  "time" : 734474.10395216686,
  "cameraGrain" : 0,
  "averageAngularVelocity" : 0.30323308706283569,
  "exposureDuration" : 0.01666666753590107,
  "frame_index" : 120,
  "motionQuality" : 0.89947539567947388,
  "intrinsics" : [
    1437.537841796875,
    0,
    963.30975341796875,
    0,
    1437.537841796875,
    723.96142578125,
    0,
    0,
    1
  ],
  "averageVelocity" : 0.35183611512184143,
  "cameraPoseARFrame" : [
    -0.19248034060001373,
    0.78284978866577148,
    -0.5916905403137207,
    -2.6572613716125488,
    -0.97779667377471924,
    -0.10209478437900543,
    0.18300405144691467,
    0.0098818782716989517,
    0.082856155931949615,
    0.61377763748168945,
    0.78511899709701538,
    0.17381146550178528,
    0,
    0,
    0,
    0.99999994039535522
  ]
}