{
  "projectionMatrix" : [
    1.4976773262023926,
    0,
    -0.0039591789245605469,
    0,
    0,
    1.9969031810760498,
    0.0075953006744384766,
    0,
    0,
    0,
    -0.9999997615814209,
    -0.00099999981466680765,
    0,
    0,
    -1,
    0
  ],
  "time" : 734449.15778533346,
  "cameraGrain" : 0,
  "averageAngularVelocity" : 0.18226920068264008,
  "exposureDuration" : 0.01666666753590107,
  "frame_index" : 73,
  "motionQuality" : 0.8896746039390564,
  "intrinsics" : [
    1437.770263671875,
    0,
    963.30078125,
    0,
    1437.770263671875,
    724.9686279296875,
    0,
    0,
    1
  ],
  "averageVelocity" : 0.38613879680633545,
  "cameraPoseARFrame" : [
    0.14353634417057037,
    -0.90947926044464111,
    0.39018604159355164,
    -0.37380757927894592,
    -0.96773046255111694,
    -0.046475961804389954,
    0.24766531586647034,
    0.0047709285281598568,
    -0.2071121484041214,
    -0.41314384341239929,
    -0.88680142164230347,
    -1.4345542192459106,
    0,
    0,
    0,
    0.99999994039535522
  ]
}