{
  "projectionMatrix" : [
    1.4958040714263916,
    0,
    -0.0040906667709350586,
    0,
    0,
    1.9944055080413818,
    0.0073366761207580566,
    0,
    0,
    0,
    -0.9999997615814209,
    -0.00099999981466680765,
    0,
    0,
    -1,
    0
  ],
  "time" : 734489.48309950018,
  "cameraGrain" : 0,
  "averageAngularVelocity" : 0,
  "exposureDuration" : 0.01666666753590107,
  "frame_index" : 149,
  "motionQuality" : 0.88762539625167847,
  "intrinsics" : [
    1435.971923828125,
    0,
    963.42706298828125,
    0,
    1435.971923828125,
    724.78240966796875,
    0,
    0,
    1
  ],
  "averageVelocity" : 0.3933110237121582,
  "cameraPoseARFrame" : [
    -0.17207533121109009,
    0.37938672304153442,
    -0.909096360206604,
    1.6381808519363403,
    -0.98502588272094727,
    -0.076290421187877655,
    0.15460968017578125,
    0.029387176036834717,
    -0.01069849357008934,
    0.92208778858184814,
    0.38683328032493591,
    -0.87804633378982544,
    0,
    0,
    0,
    1
  ]
}