{
  "time" : 734423.76010158344,
  "motionQuality" : 0.92191922664642334,
  "projectionMatrix" : [
    1.49605393409729,
    0,
    -0.0035471916198730469,
    0,
    0,
    1.9947385787963867,
    0.0069556236267089844,
    0,
    0,
    0,
    -0.9999997615814209,
    -0.00099999981466680765,
    0,
    0,
    -1,
    0
  ],
  "averageVelocity" : 0,
  "cameraGrain" : 0,
  "frame_index" : 25,
  "exposureDuration" : 0.01666666753590107,
  "averageAngularVelocity" : 0.27328276634216309,
  "intrinsics" : [
    1436.2117919921875,
    0,
    962.9052734375,
    0,
    1436.2117919921875,
    724.508056640625,
    0,
    0,
    1
  ],
  "cameraPoseARFrame" : [
    0.34675288200378418,
    0.0098373889923095703,
    0.93790501356124878,
    4.2054352760314941,
    -0.9359583854675293,
    -0.061609618365764618,
    0.34667930006980896,
    -0.010589336976408958,
    0.061194393783807755,
    -0.99805188179016113,
    -0.012155880220234394,
    -0.77526652812957764,
    0,
    0,
    0,
    0.99999994039535522
  ]
}