{
  "projectionMatrix" : [
    1.4973443746566772,
    0,
    -0.0040669441223144531,
    0,
    0,
    1.9964591264724731,
    0.0066257715225219727,
    0,
    0,
    0,
    -0.9999997615814209,
    -0.00099999981466680765,
    0,
    0,
    -1,
    0
  ],
  "time" : 734476.73405020847,
  "cameraGrain" : 0,
  "averageAngularVelocity" : 0.20280724763870239,
  "exposureDuration" : 0.01666666753590107,
  "frame_index" : 125,
  "motionQuality" : 0.88796693086624146,
  "intrinsics" : [
    1437.4505615234375,
    0,
    963.404296875,
    0,
    1437.4505615234375,
    724.27056884765625,
    0,
    0,
    1
  ],
  "averageVelocity" : 0.39211565256118774,
  "cameraPoseARFrame" : [
    -0.20338422060012817,
    0.73724031448364258,
    -0.64429169893264771,
    -1.9888341426849365,
    -0.97877508401870728,
    -0.13616491854190826,
    0.15316216647624969,
    0.013570243492722511,
    0.025187401100993156,
    0.66176742315292358,
    0.7492859959602356,
    -0.17299091815948486,
    0,
    0,
    0,
    0.99999994039535522
  ]
}