{
  "projectionMatrix" : [
    1.4972118139266968,
    0,
    -0.0038788318634033203,
    0,
    0,
    1.9962824583053589,
    0.0067023634910583496,
    0,
    0,
    0,
    -0.9999997615814209,
    -0.00099999981466680765,
    0,
    0,
    -1,
    0
  ],
  "time" : 734493.16268504178,
  "cameraGrain" : 0,
  "averageAngularVelocity" : 0.56576186418533325,
  "exposureDuration" : 0.01666666753590107,
  "frame_index" : 156,
  "motionQuality" : 0.83835375308990479,
  "intrinsics" : [
    1437.3233642578125,
    0,
    963.2236328125,
    0,
    1437.3233642578125,
    724.32568359375,
    0,
    0,
    1
  ],
  "averageVelocity" : 0.35623562335968018,
  "cameraPoseARFrame" : [
    -0.24382556974887848,
    -0.42126050591468811,
    -0.8735496997833252,
    2.787196159362793,
    -0.94633853435516357,
    -0.093658916652202606,
    0.3093084990978241,
    -0.0114096999168396,
    -0.21211512386798859,
    0.90209090709686279,
    -0.37581849098205566,
    -1.1425168514251709,
    0,
    0,
    0,
    1
  ]
}