{
  "projectionMatrix" : [
    1.4983584880828857,
    0,
    -0.004063725471496582,
    0,
    0,
    1.9978114366531372,
    0.0071051120758056641,
    0,
    0,
    0,
    -0.9999997615814209,
    -0.00099999981466680765,
    0,
    0,
    -1,
    0
  ],
  "time" : 734458.19468845846,
  "cameraGrain" : 0,
  "averageAngularVelocity" : 0.18134114146232605,
  "exposureDuration" : 0.01666666753590107,
  "frame_index" : 90,
  "motionQuality" : 0.94818824529647827,
  "intrinsics" : [
    1438.4241943359375,
    0,
    963.401123046875,
    0,
    1438.4241943359375,
    724.61566162109375,
    0,
    0,
    1
  ],
  "averageVelocity" : 0.18045079708099365,
  "cameraPoseARFrame" : [
    0.049136992543935776,
    -0.91454285383224487,
    0.4014936089515686,
    -2.4561467170715332,
    -0.98760837316513062,
    0.015498422086238861,
    0.1561720073223114,
    0.01248055137693882,
    -0.14904850721359253,
    -0.4041922390460968,
    -0.90244841575622559,
    -0.98711484670639038,
    0,
    0,
    0,
    0.99999994039535522
  ]
}