{
  "projectionMatrix" : [
    1.497862696647644,
    0,
    -0.0038260221481323242,
    0,
    0,
    1.9971503019332886,
    0.0068562626838684082,
    0,
    0,
    0,
    -0.9999997615814209,
    -0.00099999981466680765,
    0,
    0,
    -1,
    0
  ],
  "time" : 734466.13312804187,
  "cameraGrain" : 0,
  "averageAngularVelocity" : 0.47706633806228638,
  "exposureDuration" : 0.01666666753590107,
  "frame_index" : 105,
  "motionQuality" : 0.86369532346725464,
  "intrinsics" : [
    1437.9482421875,
    0,
    963.17303466796875,
    0,
    1437.9482421875,
    724.4365234375,
    0,
    0,
    1
  ],
  "averageVelocity" : 0.3374541699886322,
  "cameraPoseARFrame" : [
    -0.26682266592979431,
    0.77283543348312378,
    -0.57578742504119873,
    -3.5244140625,
    -0.94132804870605469,
    -0.080878354609012604,
    0.32765904068946838,
    -0.054779209196567535,
    0.20665775239467621,
    0.62943160533905029,
    0.74907165765762329,
    0.26101812720298767,
    0,
    0,
    0,
    0.99999994039535522
  ]
}