{
  "projectionMatrix" : [
    1.4972308874130249,
    0,
    -0.003739476203918457,
    0,
    0,
    1.9963078498840332,
    0.0072255730628967285,
    0,
    0,
    0,
    -0.9999997615814209,
    -0.00099999981466680765,
    0,
    0,
    -1,
    0
  ],
  "time" : 734436.47540833347,
  "cameraGrain" : 0,
  "averageAngularVelocity" : 0.11821518093347549,
  "exposureDuration" : 0.01666666753590107,
  "frame_index" : 49,
  "motionQuality" : 0.95996171236038208,
  "intrinsics" : [
    1437.3416748046875,
    0,
    963.08990478515625,
    0,
    1437.3416748046875,
    724.702392578125,
    0,
    0,
    1
  ],
  "averageVelocity" : 0.14013394713401794,
  "cameraPoseARFrame" : [
    0.21085427701473236,
    -0.83821898698806763,
    0.50292110443115234,
    2.0605952739715576,
    -0.95444518327713013,
    -0.065418221056461334,
    0.29112723469734192,
    0.025333994999527931,
    -0.21112819015979767,
    -0.54139596223831177,
    -0.81382763385772705,
    -1.6581453084945679,
    0,
    0,
    0,
    0.99999994039535522
  ]
}