{
  "time" : 734429.56856008351,
  "motionQuality" : 0.91640806198120117,
  "projectionMatrix" : [
    1.4967426061630249,
    0,
    -0.0038508176803588867,
    0,
    0,
    1.9956568479537964,
    0.0067995786666870117,
    0,
    0,
    0,
    -0.9999997615814209,
    -0.00099999981466680765,
    0,
    0,
    -1,
    0
  ],
  "averageVelocity" : 0.29257172346115112,
  "cameraGrain" : 0,
  "frame_index" : 36,
  "exposureDuration" : 0.01666666753590107,
  "averageAngularVelocity" : 0.27369934320449829,
  "intrinsics" : [
    1436.8729248046875,
    0,
    963.19677734375,
    0,
    1436.8729248046875,
    724.39569091796875,
    0,
    0,
    1
  ],
  "cameraPoseARFrame" : [
    0.18985660374164581,
    -0.77016556262969971,
    0.60893309116363525,
    3.3270597457885742,
    -0.97250258922576904,
    -0.062311738729476929,
    0.22440177202224731,
    0.018771553412079811,
    -0.13488282263278961,
    -0.63479310274124146,
    -0.76081818342208862,
    -1.8228251934051514,
    0,
    0,
    0,
    0.99999994039535522
  ]
}