{
  "time" : 734417.36942554184,
  "motionQuality" : 0.83962219953536987,
  "projectionMatrix" : [
    1.4962732791900635,
    0,
    -0.0038738250732421875,
    0,
    0,
    1.9950311183929443,
    0.0075157880783081055,
    0,
    0,
    0,
    -0.9999997615814209,
    -0.00099999981466680765,
    0,
    0,
    -1,
    0
  ],
  "averageVelocity" : 0.56132227182388306,
  "cameraGrain" : 0,
  "frame_index" : 13,
  "exposureDuration" : 0.01666666753590107,
  "averageAngularVelocity" : 0.25402504205703735,
  "intrinsics" : [
    1436.42236328125,
    0,
    963.2188720703125,
    0,
    1436.42236328125,
    724.911376953125,
    0,
    0,
    1
  ],
  "cameraPoseARFrame" : [
    -0.040846679359674454,
    0.99736571311950684,
    0.059946902096271515,
    4.5917940139770508,
    -0.94761151075363159,
    -0.057692430913448334,
    0.31417250633239746,
    -0.019009530544281006,
    0.31680327653884888,
    -0.043973416090011597,
    0.94747138023376465,
    1.5305793285369873,
    0,
    0,
    0,
    1
  ]
}