{
  "projectionMatrix" : [
    1.4978892803192139,
    0,
    -0.0038019418716430664,
    0,
    0,
    1.9971858263015747,
    0.0072876214981079102,
    0,
    0,
    0,
    -0.9999997615814209,
    -0.00099999981466680765,
    0,
    0,
    -1,
    0
  ],
  "time" : 734441.76778562518,
  "cameraGrain" : 0,
  "averageAngularVelocity" : 0.13288097083568573,
  "exposureDuration" : 0.01666666753590107,
  "frame_index" : 59,
  "motionQuality" : 0.91934782266616821,
  "intrinsics" : [
    1437.9737548828125,
    0,
    963.14990234375,
    0,
    1437.9737548828125,
    724.7470703125,
    0,
    0,
    1
  ],
  "averageVelocity" : 0.28228265047073364,
  "cameraPoseARFrame" : [
    0.19832272827625275,
    -0.85388165712356567,
    0.48120099306106567,
    1.159913182258606,
    -0.9598812460899353,
    -0.069910034537315369,
    0.27155256271362305,
    0.010951722040772438,
    -0.19823294878005981,
    -0.51575082540512085,
    -0.83348953723907471,
    -1.6089936494827271,
    0,
    0,
    0,
    0.99999994039535522
  ]
}