{
  "projectionMatrix" : [
    1.4979536533355713,
    0,
    -0.0039864778518676758,
    0,
    0,
    1.9972715377807617,
    0.0073887109756469727,
    0,
    0,
    0,
    -0.9999997615814209,
    -0.00099999981466680765,
    0,
    0,
    -1,
    0
  ],
  "time" : 734450.75558558351,
  "cameraGrain" : 0,
  "averageAngularVelocity" : 0.1863761842250824,
  "exposureDuration" : 0.01666666753590107,
  "frame_index" : 76,
  "motionQuality" : 0.89932608604431152,
  "intrinsics" : [
    1438.0355224609375,
    0,
    963.3270263671875,
    0,
    1438.0355224609375,
    724.81988525390625,
    0,
    0,
    1
  ],
  "averageVelocity" : 0.35235872864723206,
  "cameraPoseARFrame" : [
    0.099528789520263672,
    -0.92066419124603271,
    0.37745380401611328,
    -0.72096818685531616,
    -0.98370367288589478,
    -0.033956963568925858,
    0.17656165361404419,
    0.012209665961563587,
    -0.14973680675029755,
    -0.38887569308280945,
    -0.90904033184051514,
    -1.3797110319137573,
    0,
    0,
    0,
    0.99999982118606567
  ]
}