{
  "projectionMatrix" : [
    1.4971778392791748,
    0,
    -0.0039536952972412109,
    0,
    0,
    1.9962371587753296,
    0.0077097415924072266,
    0,
    0,
    0,
    -0.9999997615814209,
    -0.00099999981466680765,
    0,
    0,
    -1,
    0
  ],
  "time" : 734459.26015145844,
  "cameraGrain" : 0,
  "averageAngularVelocity" : 0.78530126810073853,
  "exposureDuration" : 0.01666666753590107,
  "frame_index" : 92,
  "motionQuality" : 0.77562820911407471,
  "intrinsics" : [
    1437.290771484375,
    0,
    963.29559326171875,
    0,
    1437.290771484375,
    725.051025390625,
    0,
    0,
    1
  ],
  "averageVelocity" : 0.14469802379608154,
  "cameraPoseARFrame" : [
    0.097263358533382416,
    -0.59936237335205078,
    0.79454690217971802,
    -2.5030009746551514,
    -0.99505865573883057,
    -0.042549412697553635,
    0.089711777865886688,
    0.02446630597114563,
    -0.019962364807724953,
    -0.79934632778167725,
    -0.60053902864456177,
    -0.7813953161239624,
    0,
    0,
    0,
    1
  ]
}