{
  "projectionMatrix" : [
    1.4986082315444946,
    0,
    -0.0041004419326782227,
    0,
    0,
    1.9981443881988525,
    0.0074734091758728027,
    0,
    0,
    0,
    -0.9999997615814209,
    -0.00099999981466680765,
    0,
    0,
    -1,
    0
  ],
  "time" : 734487.36874470848,
  "cameraGrain" : 0,
  "averageAngularVelocity" : 0,
  "exposureDuration" : 0.01666666753590107,
  "frame_index" : 145,
  "motionQuality" : 0.88753116130828857,
  "intrinsics" : [
    1438.6639404296875,
    0,
    963.43646240234375,
    0,
    1438.6639404296875,
    724.880859375,
    0,
    0,
    1
  ],
  "averageVelocity" : 0.39364096522331238,
  "cameraPoseARFrame" : [
    -0.11808080971240997,
    0.58289194107055664,
    -0.80392396450042725,
    0.93557846546173096,
    -0.99299198389053345,
    -0.073299311101436615,
    0.092704907059669495,
    0.048459220677614212,
    -0.0048901396803557873,
    0.80923676490783691,
    0.58746212720870972,
    -0.7026517391204834,
    0,
    0,
    0,
    0.99999988079071045
  ]
}