{
  "projectionMatrix" : [
    1.4978288412094116,
    0,
    -0.0041022300720214844,
    0,
    0,
    1.9971051216125488,
    0.0068885087966918945,
    0,
    0,
    0,
    -0.9999997615814209,
    -0.00099999981466680765,
    0,
    0,
    -1,
    0
  ],
  "time" : 734488.43322025018,
  "cameraGrain" : 0,
  "averageAngularVelocity" : 0.2489115297794342,
  "exposureDuration" : 0.01666666753590107,
  "frame_index" : 147,
  "motionQuality" : 0.9044002890586853,
  "intrinsics" : [
    1437.9156494140625,
    0,
    963.4381103515625,
    0,
    1437.9156494140625,
    724.459716796875,
    0,
    0,
    1
  ],
  "averageVelocity" : 0.33459898829460144,
  "cameraPoseARFrame" : [
    -0.11903532594442368,
    0.52520185708999634,
    -0.84261131286621094,
    1.3152592182159424,
    -0.99193155765533447,
    -0.025622157379984856,
    0.12415936589241028,
    0.041261188685894012,
    0.043619200587272644,
    0.85059201717376709,
    0.52401405572891235,
    -0.74630850553512573,
    0,
    0,
    0,
    0.99999994039535522
  ]
}