{
  "projectionMatrix" : [
    1.4977644681930542,
    0,
    -0.0039045810699462891,
    0,
    0,
    1.9970192909240723,
    0.0074848532676696777,
    0,
    0,
    0,
    -0.9999997615814209,
    -0.00099999981466680765,
    0,
    0,
    -1,
    0
  ],
  "time" : 734442.30031629186,
  "cameraGrain" : 0,
  "averageAngularVelocity" : 0.093639634549617767,
  "exposureDuration" : 0.01666666753590107,
  "frame_index" : 60,
  "motionQuality" : 0.90018552541732788,
  "intrinsics" : [
    1437.8538818359375,
    0,
    963.24835205078125,
    0,
    1437.8538818359375,
    724.88909912109375,
    0,
    0,
    1
  ],
  "averageVelocity" : 0.34935057163238525,
  "cameraPoseARFrame" : [
    0.10939574241638184,
    -0.90316629409790039,
    0.41511833667755127,
    0.95415174961090088,
    -0.96048259735107422,
    0.011485082097351551,
    0.27810293436050415,
    0.015589374117553234,
    -0.25594085454940796,
    -0.42913722991943359,
    -0.86621898412704468,
    -1.6017367839813232,
    0,
    0,
    0,
    0.99999988079071045
  ]
}