{
  "projectionMatrix" : [
    1.4971588850021362,
    0,
    -0.0039879083633422852,
    0,
    0,
    1.9962118864059448,
    0.0063364505767822266,
    0,
    0,
    0,
    -0.9999997615814209,
    -0.00099999981466680765,
    0,
    0,
    -1,
    0
  ],
  "time" : 734476.20085945853,
  "cameraGrain" : 0,
  "averageAngularVelocity" : 0.1530655175447464,
  "exposureDuration" : 0.01666666753590107,
  "frame_index" : 124,
  "motionQuality" : 0.93078279495239258,
  "intrinsics" : [
    1437.2725830078125,
    0,
    963.32843017578125,
    0,
    1437.2725830078125,
    724.062255859375,
    0,
    0,
    1
  ],
  "averageVelocity" : 0.24226024746894836,
  "cameraPoseARFrame" : [
    -0.2224450558423996,
    0.70083469152450562,
    -0.67775309085845947,
    -2.1531937122344971,
    -0.97472256422042847,
    -0.14500333368778229,
    0.16997167468070984,
    0.015493655577301979,
    0.020845569670200348,
    0.69843041896820068,
    0.7153744101524353,
    -0.17573973536491394,
    0,
    0,
    0,
    0.99999994039535522
  ]
}