{
  "time" : 734414.22297208349,
  "motionQuality" : 0.90124309062957764,
  "projectionMatrix" : [
    1.497877836227417,
    0,
    -0.0037896633148193359,
    0,
    0,
    1.9971705675125122,
    0.0071145892143249512,
    0,
    0,
    0,
    -0.9999997615814209,
    -0.00099999981466680765,
    0,
    0,
    -1,
    0
  ],
  "averageVelocity" : 0.3456491231918335,
  "cameraGrain" : 0,
  "frame_index" : 7,
  "exposureDuration" : 0.01666666753590107,
  "averageAngularVelocity" : 0,
  "intrinsics" : [
    1437.9627685546875,
    0,
    963.1380615234375,
    0,
    1437.9627685546875,
    724.62249755859375,
    0,
    0,
    1
  ],
  "cameraPoseARFrame" : [
    0.036479603499174118,
    0.99828767776489258,
    -0.0457315593957901,
    4.7736539840698242,
    -0.94951450824737549,
    0.048893384635448456,
    0.30989030003547668,
    -0.007226109504699707,
    0.31159552931785583,
    0.032118134200572968,
    0.94967204332351685,
    2.8851273059844971,
    0,
    0,
    0,
    1
  ]
}