{
  "time" : 734428.50343591685,
  "motionQuality" : 0.88984972238540649,
  "projectionMatrix" : [
    1.4966971874237061,
    0,
    -0.0039616823196411133,
    0,
    0,
    1.9955962896347046,
    0.0067433714866638184,
    0,
    0,
    0,
    -0.9999997615814209,
    -0.00099999981466680765,
    0,
    0,
    -1,
    0
  ],
  "averageVelocity" : 0.38552600145339966,
  "cameraGrain" : 0,
  "frame_index" : 34,
  "exposureDuration" : 0.01666666753590107,
  "averageAngularVelocity" : 0.15466955304145813,
  "intrinsics" : [
    1436.829345703125,
    0,
    963.30322265625,
    0,
    1436.829345703125,
    724.355224609375,
    0,
    0,
    1
  ],
  "cameraPoseARFrame" : [
    0.26806029677391052,
    -0.57319182157516479,
    0.77433508634567261,
    3.5679409503936768,
    -0.95870572328567505,
    -0.079442359507083893,
    0.27307966351509094,
    0.015211159363389015,
    -0.095012009143829346,
    -0.81556117534637451,
    -0.57081741094589233,
    -1.5353375673294067,
    0,
    0,
    0,
    0.99999994039535522
  ]
}