{
  "projectionMatrix" : [
    1.4989943504333496,
    0,
    -0.0040243864059448242,
    0,
    0,
    1.9986591339111328,
    0.0065434575080871582,
    0,
    0,
    0,
    -0.9999997615814209,
    -0.00099999981466680765,
    0,
    0,
    -1,
    0
  ],
  "time" : 734480.97789712518,
  "cameraGrain" : 0,
  "averageAngularVelocity" : 0.22450944781303406,
  "exposureDuration" : 0.01666666753590107,
  "frame_index" : 133,
  "motionQuality" : 0.92634099721908569,
  "intrinsics" : [
    1439.0345458984375,
    0,
    963.36346435546875,
    0,
    1439.0345458984375,
    724.2113037109375,
    0,
    0,
    1
  ],
  "averageVelocity" : 0.2578064501285553,
  "cameraPoseARFrame" : [
    -0.13695427775382996,
    0.84476542472839355,
    -0.5173155665397644,
    -0.83632802963256836,
    -0.9885094165802002,
    -0.082822039723396301,
    0.12645165622234344,
    0.038191169500350952,
    0.063976861536502838,
    0.52868932485580444,
    0.84640103578567505,
    -0.28718847036361694,
    0,
    0,
    0,
    1
  ]
}