{
  "projectionMatrix" : [
    1.4979801177978516,
    0,
    -0.0041192770004272461,
    0,
    0,
    1.9973068237304688,
    0.0068905353546142578,
    0,
    0,
    0,
    -0.9999997615814209,
    -0.00099999981466680765,
    0,
    0,
    -1,
    0
  ],
  "time" : 734492.11216441682,
  "cameraGrain" : 0,
  "averageAngularVelocity" : 0.13866277039051056,
  "exposureDuration" : 0.01666666753590107,
  "frame_index" : 154,
  "motionQuality" : 0.89253520965576172,
  "intrinsics" : [
    1438.0609130859375,
    0,
    963.4544677734375,
    0,
    1438.0609130859375,
    724.461181640625,
    0,
    0,
    1
  ],
  "averageVelocity" : 0.37612670660018921,
  "cameraPoseARFrame" : [
    -0.19852825999259949,
    -0.062714144587516785,
    -0.97808682918548584,
    2.4549505710601807,
    -0.97436821460723877,
    -0.095097675919532776,
    0.20387104153633118,
    0.012884974479675293,
    -0.1057993546128273,
    0.99349063634872437,
    -0.042227111756801605,
    -1.0854271650314331,
    0,
    0,
    0,
    1
  ]
}