{
  "projectionMatrix" : [
    1.4978401660919189,
    0,
    -0.0040149688720703125,
    0,
    0,
    1.9971201419830322,
    0.0064404010772705078,
    0,
    0,
    0,
    -0.9999997615814209,
    -0.00099999981466680765,
    0,
    0,
    -1,
    0
  ],
  "time" : 734479.38038212515,
  "cameraGrain" : 0,
  "averageAngularVelocity" : 0.20065402984619141,
  "exposureDuration" : 0.01666666753590107,
  "frame_index" : 130,
  "motionQuality" : 0.93534409999847412,
  "intrinsics" : [
    1437.926513671875,
    0,
    963.3543701171875,
    0,
    1437.926513671875,
    724.1370849609375,
    0,
    0,
    1
  ],
  "averageVelocity" : 0.22629566490650177,
  "cameraPoseARFrame" : [
    -0.13436028361320496,
    0.77825194597244263,
    -0.61340981721878052,
    -1.2827156782150269,
    -0.99046194553375244,
    -0.086394220590591431,
    0.10733815282583237,
    0.033545762300491333,
    0.030541051179170609,
    0.62198096513748169,
    0.78243660926818848,
    -0.28330045938491821,
    0,
    0,
    0,
    1
  ]
}