{
  "time" : 734411.02853675012,
  "motionQuality" : 0.94706082344055176,
  "projectionMatrix" : [
    1.4964966773986816,
    0,
    -0.0037587881088256836,
    0,
    0,
    1.9953289031982422,
    0.0073830485343933105,
    0,
    0,
    0,
    -0.9999997615814209,
    -0.00099999981466680765,
    0,
    0,
    -1,
    0
  ],
  "averageVelocity" : 0.03748881071805954,
  "cameraGrain" : 0,
  "frame_index" : 1,
  "exposureDuration" : 0.01666666753590107,
  "averageAngularVelocity" : 0.18528710305690765,
  "intrinsics" : [
    1436.6368408203125,
    0,
    963.1083984375,
    0,
    1436.6368408203125,
    724.8157958984375,
    0,
    0,
    1
  ],
  "cameraPoseARFrame" : [
    -0.056279420852661133,
    0.99809527397155762,
    -0.025269292294979095,
    4.7091569900512695,
    -0.93962734937667847,
    -0.044392161071300507,
    0.33930796384811401,
    -0.025678735226392746,
    0.3375399112701416,
    0.042839795351028442,
    0.94033581018447876,
    3.8573958873748779,
    0,
    0,
    0,
    0.99999988079071045
  ]
}