{
  "projectionMatrix" : [
    1.4972801208496094,
    0,
    -0.0038887262344360352,
    0,
    0,
    1.9963735342025757,
    0.0071798563003540039,
    0,
    0,
    0,
    -0.9999997615814209,
    -0.00099999981466680765,
    0,
    0,
    -1,
    0
  ],
  "time" : 734433.27968362521,
  "cameraGrain" : 0,
  "averageAngularVelocity" : 0.10629630088806152,
  "exposureDuration" : 0.01666666753590107,
  "frame_index" : 43,
  "motionQuality" : 0.95395821332931519,
  "intrinsics" : [
    1437.388916015625,
    0,
    963.233154296875,
    0,
    1437.388916015625,
    724.66949462890625,
    0,
    0,
    1
  ],
  "averageVelocity" : 0.16114620864391327,
  "cameraPoseARFrame" : [
    0.20737528800964355,
    -0.81240767240524292,
    0.54496723413467407,
    2.5876073837280273,
    -0.96352672576904297,
    -0.07329963892698288,
    0.25737768411636353,
    0.023064862936735153,
    -0.16914969682693481,
    -0.5784643292427063,
    -0.79797691106796265,
    -1.6606611013412476,
    0,
    0,
    0,
    0.99999982118606567
  ]
}