{
  "projectionMatrix" : [
    1.4991229772567749,
    0,
    -0.0041011571884155273,
    0,
    0,
    1.9988306760787964,
    0.0068965554237365723,
    0,
    0,
    0,
    -0.9999997615814209,
    -0.00099999981466680765,
    0,
    0,
    -1,
    0
  ],
  "time" : 734484.17356420844,
  "cameraGrain" : 0,
  "averageAngularVelocity" : 0.13004855811595917,
  "exposureDuration" : 0.01666666753590107,
  "frame_index" : 139,
  "motionQuality" : 0.92315787076950073,
  "intrinsics" : [
    1439.1580810546875,
    0,
    963.43707275390625,
    0,
    1439.1580810546875,
    724.46551513671875,
    0,
    0,
    1
  ],
  "averageVelocity" : 0.26894739270210266,
  "cameraPoseARFrame" : [
    -0.097129032015800476,
    0.78970670700073242,
    -0.60574686527252197,
    0.093643791973590851,
    -0.99197298288345337,
    -0.027299484238028526,
    0.12346870452165604,
    0.053275667130947113,
    0.080967485904693604,
    0.61287689208984375,
    0.78601914644241333,
    -0.4500865638256073,
    0,
    0,
    0,
    0.99999994039535522
  ]
}