{
  "projectionMatrix" : [
    1.4990888833999634,
    0,
    -0.0041750669479370117,
    0,
    0,
    1.9987852573394775,
    0.006842494010925293,
    0,
    0,
    0,
    -0.9999997615814209,
    -0.00099999981466680765,
    0,
    0,
    -1,
    0
  ],
  "time" : 734482.0419594585,
  "cameraGrain" : 0,
  "averageAngularVelocity" : 0.095621317625045776,
  "exposureDuration" : 0.01666666753590107,
  "frame_index" : 135,
  "motionQuality" : 0.88677030801773071,
  "intrinsics" : [
    1439.1253662109375,
    0,
    963.50811767578125,
    0,
    1439.1253662109375,
    724.42657470703125,
    0,
    0,
    1
  ],
  "averageVelocity" : 0.39630401134490967,
  "cameraPoseARFrame" : [
    -0.11401393264532089,
    0.83164745569229126,
    -0.54347354173660278,
    -0.49318686127662659,
    -0.98972362279891968,
    -0.047560352832078934,
    0.13485263288021088,
    0.045437682420015335,
    0.086302042007446289,
    0.55326372385025024,
    0.82852339744567871,
    -0.34375807642936707,
    0,
    0,
    0,
    0.99999988079071045
  ]
}