{
  "projectionMatrix" : [
    1.4972876310348511,
    0,
    -0.0038142204284667969,
    0,
    0,
    1.9963835477828979,
    0.0073984861373901367,
    0,
    0,
    0,
    -0.9999997615814209,
    -0.00099999981466680765,
    0,
    0,
    -1,
    0
  ],
  "time" : 734435.94276170852,
  "cameraGrain" : 0,
  "averageAngularVelocity" : 0,
  "exposureDuration" : 0.01666666753590107,
  "frame_index" : 48,
  "motionQuality" : 0.95268017053604126,
  "intrinsics" : [
    1437.3961181640625,
    0,
    963.16168212890625,
    0,
    1437.3961181640625,
    724.826904296875,
    0,
    0,
    1
  ],
  "averageVelocity" : 0.16561947762966156,
  "cameraPoseARFrame" : [
    0.16278021037578583,
    -0.86906707286834717,
    0.46714580059051514,
    2.111616849899292,
    -0.95555847883224487,
    -0.020916277542710304,
    0.29405885934829712,
    0.031847558915615082,
    -0.24578584730625153,
    -0.49425205588340759,
    -0.83384901285171509,
    -1.6741479635238647,
    0,
    0,
    0,
    0.99999994039535522
  ]
}