{
  "projectionMatrix" : [
    1.4958722591400146,
    0,
    -0.0036765336990356445,
    0,
    0,
    1.9944963455200195,
    0.0068317055702209473,
    0,
    0,
    0,
    -0.9999997615814209,
    -0.00099999981466680765,
    0,
    0,
    -1,
    0
  ],
  "time" : 734469.8604886668,
  "cameraGrain" : 0,
  "averageAngularVelocity" : 0.37932842969894409,
  "exposureDuration" : 0.01666666753590107,
  "frame_index" : 112,
  "motionQuality" : 0.8916204571723938,
  "intrinsics" : [
    1436.037353515625,
    0,
    963.02947998046875,
    0,
    1436.037353515625,
    724.4188232421875,
    0,
    0,
    1
  ],
  "averageVelocity" : 0.32074284553527832,
  "cameraPoseARFrame" : [
    -0.324474036693573,
    0.59319448471069336,
    -0.73677456378936768,
    -4.0738520622253418,
    -0.93846613168716431,
    -0.10446059703826904,
    0.32919484376907349,
    -0.057529550045728683,
    0.11831267178058624,
    0.79825323820114136,
    0.59058767557144165,
    0.55880212783813477,
    0,
    0,
    0,
    0.99999988079071045
  ]
}