{
  "time" : 734413.1591749168,
  "motionQuality" : 0.90041077136993408,
  "projectionMatrix" : [
    1.497825026512146,
    0,
    -0.0039113759994506836,
    0,
    0,
    1.9970999956130981,
    0.0071391463279724121,
    0,
    0,
    0,
    -0.9999997615814209,
    -0.00099999981466680765,
    0,
    0,
    -1,
    0
  ],
  "averageVelocity" : 0.34856238961219788,
  "cameraGrain" : 0,
  "frame_index" : 5,
  "exposureDuration" : 0.01666666753590107,
  "averageAngularVelocity" : 0.17067432403564453,
  "intrinsics" : [
    1437.9119873046875,
    0,
    963.25494384765625,
    0,
    1437.9119873046875,
    724.64019775390625,
    0,
    0,
    1
  ],
  "cameraPoseARFrame" : [
    -0.11262661218643188,
    0.98774027824401855,
    -0.10809602588415146,
    4.704169750213623,
    -0.94484102725982666,
    -0.072787269949913025,
    0.31933954358100891,
    -0.011822318658232689,
    0.30755642056465149,
    0.13809967041015625,
    0.94145506620407104,
    3.3116962909698486,
    0,
    0,
    0,
    0.99999994039535522
  ]
}