{
  "time" : 734423.22692408354,
  "motionQuality" : 0.84045219421386719,
  "projectionMatrix" : [
    1.4965043067932129,
    0,
    -0.0036244392395019531,
    0,
    0,
    1.9953391551971436,
    0.007025599479675293,
    0,
    0,
    0,
    -0.9999997615814209,
    -0.00099999981466680765,
    0,
    0,
    -1,
    0
  ],
  "averageVelocity" : 0.2272820770740509,
  "cameraGrain" : 0,
  "frame_index" : 24,
  "exposureDuration" : 0.01666666753590107,
  "averageAngularVelocity" : 0.55841737985610962,
  "intrinsics" : [
    1436.6441650390625,
    0,
    962.9794921875,
    0,
    1436.6441650390625,
    724.55841064453125,
    0,
    0,
    1
  ],
  "cameraPoseARFrame" : [
    0.33617141842842102,
    0.18942776322364807,
    0.9225538969039917,
    4.2230582237243652,
    -0.93439370393753052,
    -0.05552944540977478,
    0.35188758373260498,
    -0.015249532647430897,
    0.11788618564605713,
    -0.98032313585281372,
    0.15833267569541931,
    -0.71330726146697998,
    0,
    0,
    0,
    0.99999988079071045
  ]
}