{
  "projectionMatrix" : [
    1.4974768161773682,
    0,
    -0.0040093660354614258,
    0,
    0,
    1.9966357946395874,
    0.0062770247459411621,
    0,
    0,
    0,
    -0.9999997615814209,
    -0.00099999981466680765,
    0,
    0,
    -1,
    0
  ],
  "time" : 734474.63639379188,
  "cameraGrain" : 0,
  "averageAngularVelocity" : 0.17334188520908356,
  "exposureDuration" : 0.01666666753590107,
  "frame_index" : 121,
  "motionQuality" : 0.92167121171951294,
  "intrinsics" : [
    1437.5777587890625,
    0,
    963.34893798828125,
    0,
    1437.5777587890625,
    724.01947021484375,
    0,
    0,
    1
  ],
  "averageVelocity" : 0.2741507887840271,
  "cameraPoseARFrame" : [
    -0.23141941428184509,
    0.6839139461517334,
    -0.69188648462295532,
    -2.5659353733062744,
    -0.9728541374206543,
    -0.16249093413352966,
    0.16477777063846588,
    0.012182945385575294,
    0.00026852611335925758,
    0.71123731136322021,
    0.70295196771621704,
    0.034876912832260132,
    0,
    0,
    0,
    0.99999994039535522
  ]
}