{
  "time" : 734424.80742666684,
  "motionQuality" : 0.94732129573822021,
  "projectionMatrix" : [
    1.4959933757781982,
    0,
    -0.0037398338317871094,
    0,
    0,
    1.9946578741073608,
    0.0069558620452880859,
    0,
    0,
    0,
    -0.9999997615814209,
    -0.00099999981466680765,
    0,
    0,
    -1,
    0
  ],
  "averageVelocity" : 0,
  "cameraGrain" : 0,
  "frame_index" : 27,
  "exposureDuration" : 0.01666666753590107,
  "averageAngularVelocity" : 0.18437542021274567,
  "intrinsics" : [
    1436.1536865234375,
    0,
    963.09027099609375,
    0,
    1436.1536865234375,
    724.50823974609375,
    0,
    0,
    1
  ],
  "cameraPoseARFrame" : [
    0.33627068996429443,
    -0.20298975706100464,
    0.91962897777557373,
    4.2017116546630859,
    -0.94098681211471558,
    -0.11212404072284698,
    0.31933119893074036,
    -0.011172711849212646,
    0.038291554898023605,
    -0.97274023294448853,
    -0.22871457040309906,
    -0.79515910148620605,
    0,
    0,
    0,
    1
  ]
}