{
  "projectionMatrix" : [
    1.4971325397491455,
    0,
    -0.0038170814514160156,
    0,
    0,
    1.9961766004562378,
    0.0075049400329589844,
    0,
    0,
    0,
    -0.9999997615814209,
    -0.00099999981466680765,
    0,
    0,
    -1,
    0
  ],
  "time" : 734437.00757841684,
  "cameraGrain" : 0,
  "averageAngularVelocity" : 0.12707696855068207,
  "exposureDuration" : 0.01666666753590107,
  "frame_index" : 50,
  "motionQuality" : 0.92680501937866211,
  "intrinsics" : [
    1437.2471923828125,
    0,
    963.16436767578125,
    0,
    1437.2471923828125,
    724.903564453125,
    0,
    0,
    1
  ],
  "averageVelocity" : 0.25618243217468262,
  "cameraPoseARFrame" : [
    0.13648724555969238,
    -0.88142776489257812,
    0.45216858386993408,
    1.9375475645065308,
    -0.95447337627410889,
    0.0052031981758773327,
    0.29825085401535034,
    0.026679534465074539,
    -0.26523926854133606,
    -0.47229030728340149,
    -0.84058892726898193,
    -1.6809406280517578,
    0,
    0,
    0,
    0.99999988079071045
  ]
}