{
  "time" : 734418.96769495844,
  "motionQuality" : 0.85639464855194092,
  "projectionMatrix" : [
    1.4966820478439331,
    0,
    -0.0037703514099121094,
    0,
    0,
    1.9955761432647705,
    0.0075482726097106934,
    0,
    0,
    0,
    -0.9999997615814209,
    -0.00099999981466680765,
    0,
    0,
    -1,
    0
  ],
  "averageVelocity" : 0.50261884927749634,
  "cameraGrain" : 0,
  "frame_index" : 16,
  "exposureDuration" : 0.01666666753590107,
  "averageAngularVelocity" : 0.26146501302719116,
  "intrinsics" : [
    1436.8148193359375,
    0,
    963.11956787109375,
    0,
    1436.8148193359375,
    724.93475341796875,
    0,
    0,
    1
  ],
  "cameraPoseARFrame" : [
    -0.011601385660469532,
    0.99462729692459106,
    0.10286985337734222,
    4.558997631072998,
    -0.93549096584320068,
    -0.047130592167377472,
    0.35019367933273315,
    -0.036833591759204865,
    0.35316044092178345,
    -0.092171035706996918,
    0.9310113787651062,
    0.79280722141265869,
    0,
    0,
    0,
    0.99999994039535522
  ]
}