{
  "projectionMatrix" : [
    1.4979498386383057,
    0,
    -0.003928065299987793,
    0,
    0,
    1.9972665309906006,
    0.0070106387138366699,
    0,
    0,
    0,
    -0.9999997615814209,
    -0.00099999981466680765,
    0,
    0,
    -1,
    0
  ],
  "time" : 734450.22250758344,
  "cameraGrain" : 0,
  "averageAngularVelocity" : 0.12533895671367645,
  "exposureDuration" : 0.01666666753590107,
  "frame_index" : 75,
  "motionQuality" : 0.96021938323974609,
  "intrinsics" : [
    1438.0318603515625,
    0,
    963.27093505859375,
    0,
    1438.0318603515625,
    724.54766845703125,
    0,
    0,
    1
  ],
  "averageVelocity" : 0.13923205435276031,
  "cameraPoseARFrame" : [
    0.13961289823055267,
    -0.89567989110946655,
    0.42221549153327942,
    -0.59043806791305542,
    -0.97949564456939697,
    -0.062374565750360489,
    0.19156703352928162,
    0.015774589031934738,
    -0.14524722099304199,
    -0.44030344486236572,
    -0.88602262735366821,
    -1.3878636360168457,
    0,
    0,
    0,
    0.99999982118606567
  ]
}