{
  "projectionMatrix" : [
    1.4960122108459473,
    0,
    -0.0037250518798828125,
    0,
    0,
    1.9946830272674561,
    0.0068724155426025391,
    0,
    0,
    0,
    -0.9999997615814209,
    -0.00099999981466680765,
    0,
    0,
    -1,
    0
  ],
  "time" : 734468.79568437522,
  "cameraGrain" : 0,
  "averageAngularVelocity" : 0.07136266678571701,
  "exposureDuration" : 0.01666666753590107,
  "frame_index" : 110,
  "motionQuality" : 0.94298374652862549,
  "intrinsics" : [
    1436.1717529296875,
    0,
    963.0760498046875,
    0,
    1436.1717529296875,
    724.4481201171875,
    0,
    0,
    1
  ],
  "averageVelocity" : 0.19955679774284363,
  "cameraPoseARFrame" : [
    -0.36958509683609009,
    0.42640206217765808,
    -0.82558357715606689,
    -4.1571793556213379,
    -0.92455393075942993,
    -0.080042190849781036,
    0.37254998087882996,
    -0.069940187036991119,
    0.092774525284767151,
    0.90098536014556885,
    0.4238140881061554,
    0.55050051212310791,
    0,
    0,
    0,
    0.99999994039535522
  ]
}