{
  "projectionMatrix" : [
    1.4984797239303589,
    0,
    -0.0038489103317260742,
    0,
    0,
    1.9979729652404785,
    0.0073081254959106445,
    0,
    0,
    0,
    -0.9999997615814209,
    -0.00099999981466680765,
    0,
    0,
    -1,
    0
  ],
  "time" : 734465.60040279187,
  "cameraGrain" : 0,
  "averageAngularVelocity" : 0.22362013161182404,
  "exposureDuration" : 0.01666666753590107,
  "frame_index" : 104,
  "motionQuality" : 0.92809659242630005,
  "intrinsics" : [
    1438.54052734375,
    0,
    963.19500732421875,
    0,
    1438.54052734375,
    724.7618408203125,
    0,
    0,
    1
  ],
  "averageVelocity" : 0.25166186690330505,
  "cameraPoseARFrame" : [
    -0.17513760924339294,
    0.89441841840744019,
    -0.41151273250579834,
    -3.3932909965515137,
    -0.94674330949783325,
    -0.038290511816740036,
    0.31970483064651489,
    -0.03847513347864151,
    0.27019280195236206,
    0.44558921456336975,
    0.85349059104919434,
    0.2225404679775238,
    0,
    0,
    0,
    0.99999994039535522
  ]
}