{
  "projectionMatrix" : [
    1.4991003274917603,
    0,
    -0.0040912628173828125,
    0,
    0,
    1.99880051612854,
    0.0068989992141723633,
    0,
    0,
    0,
    -0.9999997615814209,
    -0.00099999981466680765,
    0,
    0,
    -1,
    0
  ],
  "time" : 734483.10744008352,
  "cameraGrain" : 0,
  "averageAngularVelocity" : 0.13429278135299683,
  "exposureDuration" : 0.01666666753590107,
  "frame_index" : 137,
  "motionQuality" : 0.94115358591079712,
  "intrinsics" : [
    1439.1363525390625,
    0,
    963.4276123046875,
    0,
    1439.1363525390625,
    724.46728515625,
    0,
    0,
    1
  ],
  "averageVelocity" : 0.20596250891685486,
  "cameraPoseARFrame" : [
    -0.13504070043563843,
    0.77609431743621826,
    -0.61598837375640869,
    -0.26460590958595276,
    -0.99058687686920166,
    -0.091691471636295319,
    0.10163875669240952,
    0.04983486607670784,
    0.022400369867682457,
    0.62391531467437744,
    0.78117078542709351,
    -0.45828244090080261,
    0,
    0,
    0,
    0.99999988079071045
  ]
}