{
  "projectionMatrix" : [
    1.4973064661026001,
    0,
    -0.0039197206497192383,
    0,
    0,
    1.9964085817337036,
    0.0067154765129089355,
    0,
    0,
    0,
    -0.9999997615814209,
    -0.00099999981466680765,
    0,
    0,
    -1,
    0
  ],
  "time" : 734492.62823420845,
  "cameraGrain" : 0,
  "averageAngularVelocity" : 0.39446219801902771,
  "exposureDuration" : 0.01666666753590107,
  "frame_index" : 155,
  "motionQuality" : 0.88729649782180786,
  "intrinsics" : [
    1437.4141845703125,
    0,
    963.26287841796875,
    0,
    1437.4141845703125,
    724.33514404296875,
    0,
    0,
    1
  ],
  "averageVelocity" : 0.28872048854827881,
  "cameraPoseARFrame" : [
    -0.25260636210441589,
    -0.19550490379333496,
    -0.94761174917221069,
    2.6030504703521729,
    -0.96107810735702515,
    -0.062555193901062012,
    0.26910209655761719,
    0.0021717490162700415,
    -0.11188879609107971,
    0.97870564460754395,
    -0.17209362983703613,
    -1.0948430299758911,
    0,
    0,
    0,
    0.99999994039535522
  ]
}