{
  "projectionMatrix" : [
    1.4972724914550781,
    0,
    -0.0040022134780883789,
    0,
    0,
    1.9963632822036743,
    0.0070158839225769043,
    0,
    0,
    0,
    -0.9999997615814209,
    -0.00099999981466680765,
    0,
    0,
    -1,
    0
  ],
  "time" : 734431.68186375021,
  "cameraGrain" : 0,
  "averageAngularVelocity" : 0.14087997376918793,
  "exposureDuration" : 0.01666666753590107,
  "frame_index" : 40,
  "motionQuality" : 0.95406162738800049,
  "intrinsics" : [
    1437.381591796875,
    0,
    963.34210205078125,
    0,
    1437.381591796875,
    724.55145263671875,
    0,
    0,
    1
  ],
  "averageVelocity" : 0.16078425943851471,
  "cameraPoseARFrame" : [
    0.18210184574127197,
    -0.80917912721633911,
    0.55863094329833984,
    2.8041286468505859,
    -0.97621726989746094,
    -0.080811142921447754,
    0.20117087662220001,
    0.019527167081832886,
    -0.11763965338468552,
    -0.58197861909866333,
    -0.80465030670166016,
    -1.7465939521789551,
    0,
    0,
    0,
    1
  ]
}