{
  "projectionMatrix" : [
    1.4965951442718506,
    0,
    -0.0036833286285400391,
    0,
    0,
    1.9954601526260376,
    0.0072670578956604004,
    0,
    0,
    0,
    -0.9999997615814209,
    -0.00099999981466680765,
    0,
    0,
    -1,
    0
  ],
  "time" : 734467.73052570852,
  "cameraGrain" : 0,
  "averageAngularVelocity" : 0.14196041226387024,
  "exposureDuration" : 0.01666666753590107,
  "frame_index" : 108,
  "motionQuality" : 0.91911309957504272,
  "intrinsics" : [
    1436.7313232421875,
    0,
    963.03594970703125,
    0,
    1436.7313232421875,
    724.7322998046875,
    0,
    0,
    1
  ],
  "averageVelocity" : 0.28310424089431763,
  "cameraPoseARFrame" : [
    -0.31551235914230347,
    0.55544823408126831,
    -0.76936930418014526,
    -3.8748142719268799,
    -0.9391215443611145,
    -0.066553167998790741,
    0.33707812428474426,
    -0.051977016031742096,
    0.13602548837661743,
    0.8288835883140564,
    0.54263162612915039,
    0.50878417491912842,
    0,
    0,
    0,
    0.99999994039535522
  ]
}