{
  "projectionMatrix" : [
    1.4990322589874268,
    0,
    -0.0041148662567138672,
    0,
    0,
    1.9987095594406128,
    0.0069865584373474121,
    0,
    0,
    0,
    -0.9999997615814209,
    -0.00099999981466680765,
    0,
    0,
    -1,
    0
  ],
  "time" : 734486.30415558349,
  "cameraGrain" : 0,
  "averageAngularVelocity" : 0.09430452436208725,
  "exposureDuration" : 0.01666666753590107,
  "frame_index" : 143,
  "motionQuality" : 0.92633771896362305,
  "intrinsics" : [
    1439.0709228515625,
    0,
    963.45025634765625,
    0,
    1439.0709228515625,
    724.53033447265625,
    0,
    0,
    1
  ],
  "averageVelocity" : 0.25781792402267456,
  "cameraPoseARFrame" : [
    -0.078012250363826752,
    0.71486556529998779,
    -0.69489669799804688,
    0.65385675430297852,
    -0.99570029973983765,
    -0.020944755524396896,
    0.090235181152820587,
    0.062087200582027435,
    0.049951575696468353,
    0.69894826412200928,
    0.71342563629150391,
    -0.56369286775588989,
    0,
    0,
    0,
    0.99999994039535522
  ]
}