{
  "projectionMatrix" : [
    1.4979346990585327,
    0,
    -0.0040040016174316406,
    0,
    0,
    1.997246265411377,
    0.0069580674171447754,
    0,
    0,
    0,
    -0.9999997615814209,
    -0.00099999981466680765,
    0,
    0,
    -1,
    0
  ],
  "time" : 734491.57964179188,
  "cameraGrain" : 0,
  "averageAngularVelocity" : 0.15350177884101868,
  "exposureDuration" : 0.01666666753590107,
  "frame_index" : 153,
  "motionQuality" : 0.9162108302116394,
  "intrinsics" : [
    1438.017333984375,
    0,
    963.34381103515625,
    0,
    1438.017333984375,
    724.50982666015625,
    0,
    0,
    1
  ],
  "averageVelocity" : 0.29326218366622925,
  "cameraPoseARFrame" : [
    -0.22707125544548035,
    0.019552094861865044,
    -0.97368192672729492,
    2.2640893459320068,
    -0.97063404321670532,
    -0.08608303964138031,
    0.22463186085224152,
    0.017401272431015968,
    -0.079425469040870667,
    0.99609613418579102,
    0.03852492943406105,
    -1.0790228843688965,
    0,
    0,
    0,
    0.99999994039535522
  ]
}