{
  "projectionMatrix" : [
    1.4973595142364502,
    0,
    -0.003973841667175293,
    0,
    0,
    1.9964792728424072,
    0.0064480304718017578,
    0,
    0,
    0,
    -0.9999997615814209,
    -0.00099999981466680765,
    0,
    0,
    -1,
    0
  ],
  "time" : 734475.13656495849,
  "cameraGrain" : 0,
  "averageAngularVelocity" : 0.20533864200115204,
  "exposureDuration" : 0.01666666753590107,
  "frame_index" : 122,
  "motionQuality" : 0.88775622844696045,
  "intrinsics" : [
    1437.465087890625,
    0,
    963.31488037109375,
    0,
    1437.465087890625,
    724.142578125,
    0,
    0,
    1
  ],
  "averageVelocity" : 0.39285314083099365,
  "cameraPoseARFrame" : [
    -0.21111096441745758,
    0.70537465810775757,
    -0.67666739225387573,
    -2.4238259792327881,
    -0.97745209932327271,
    -0.14919193089008331,
    0.1494302898645401,
    0.0093416515737771988,
    0.0044510448351502419,
    0.69295620918273926,
    0.72096598148345947,
    -0.046625643968582153,
    0,
    0,
    0,
    0.99999994039535522
  ]
}