{
  "projectionMatrix" : [
    1.4973520040512085,
    0,
    -0.0040638446807861328,
    0,
    0,
    1.996469259262085,
    0.0066002011299133301,
    0,
    0,
    0,
    -0.9999997615814209,
    -0.00099999981466680765,
    0,
    0,
    -1,
    0
  ],
  "time" : 734472.50709200022,
  "cameraGrain" : 0,
  "averageAngularVelocity" : 0,
  "exposureDuration" : 0.01666666753590107,
  "frame_index" : 117,
  "motionQuality" : 0.897449791431427,
  "intrinsics" : [
    1437.4578857421875,
    0,
    963.4012451171875,
    0,
    1437.4578857421875,
    724.25213623046875,
    0,
    0,
    1
  ],
  "averageVelocity" : 0.35892564058303833,
  "cameraPoseARFrame" : [
    -0.13724817335605621,
    0.85673540830612183,
    -0.49715965986251831,
    -3.1630933284759521,
    -0.98610597848892212,
    -0.070757351815700531,
    0.15029558539390564,
    0.021099204197525978,
    0.093585819005966187,
    0.51087981462478638,
    0.85454291105270386,
    0.48139366507530212,
    0,
    0,
    0,
    0.99999994039535522
  ]
}