{
  "time" : 734420.03212770855,
  "motionQuality" : 0.85632699728012085,
  "projectionMatrix" : [
    1.4960576295852661,
    0,
    -0.0037609338760375977,
    0,
    0,
    1.9947434663772583,
    0.0072367191314697266,
    0,
    0,
    0,
    -0.9999997615814209,
    -0.00099999981466680765,
    0,
    0,
    -1,
    0
  ],
  "averageVelocity" : 0.50285547971725464,
  "cameraGrain" : 0,
  "frame_index" : 18,
  "exposureDuration" : 0.01666666753590107,
  "averageAngularVelocity" : 0.21161429584026337,
  "intrinsics" : [
    1436.21533203125,
    0,
    963.1104736328125,
    0,
    1436.21533203125,
    724.71044921875,
    0,
    0,
    1
  ],
  "cameraPoseARFrame" : [
    0.041443422436714172,
    0.9807056188583374,
    0.19104708731174469,
    4.563446044921875,
    -0.9325215220451355,
    -0.030685503035783768,
    0.35980823636054993,
    -0.028776157647371292,
    0.3587283194065094,
    -0.19306717813014984,
    0.91325730085372925,
    0.29706397652626038,
    0,
    0,
    0,
    0.99999982118606567
  ]
}