{
  "time" : 734424.27619200014,
  "motionQuality" : 0.95387023687362671,
  "projectionMatrix" : [
    1.4959781169891357,
    0,
    -0.0036301612854003906,
    0,
    0,
    1.9946376085281372,
    0.006955265998840332,
    0,
    0,
    0,
    -0.9999997615814209,
    -0.00099999981466680765,
    0,
    0,
    -1,
    0
  ],
  "averageVelocity" : 0,
  "cameraGrain" : 0,
  "frame_index" : 26,
  "exposureDuration" : 0.01666666753590107,
  "averageAngularVelocity" : 0.16145411133766174,
  "intrinsics" : [
    1436.1390380859375,
    0,
    962.98492431640625,
    0,
    1436.1390380859375,
    724.5078125,
    0,
    0,
    1
  ],
  "cameraPoseARFrame" : [
    0.34275910258293152,
    -0.079714417457580566,
    0.9360353946685791,
    4.2098250389099121,
    -0.93790054321289062,
    -0.085751637816429138,
    0.33613929152488708,
    -0.0095712896436452866,
    0.053471393883228302,
    -0.99312257766723633,
    -0.10415632277727127,
    -0.77694958448410034,
    0,
    0,
    0,
    0.99999994039535522
  ]
}