{
  "projectionMatrix" : [
    1.4977152347564697,
    0,
    -0.0038357973098754883,
    0,
    0,
    1.9969537258148193,
    0.0071945786476135254,
    0,
    0,
    0,
    -0.9999997615814209,
    -0.00099999981466680765,
    0,
    0,
    -1,
    0
  ],
  "time" : 734447.06067895854,
  "cameraGrain" : 0,
  "averageAngularVelocity" : 0.084296479821205139,
  "exposureDuration" : 0.01666666753590107,
  "frame_index" : 69,
  "motionQuality" : 0.94482958316802979,
  "intrinsics" : [
    1437.806640625,
    0,
    963.18231201171875,
    0,
    1437.806640625,
    724.68011474609375,
    0,
    0,
    1
  ],
  "averageVelocity" : 0.1930963546037674,
  "cameraPoseARFrame" : [
    0.20968560874462128,
    -0.84285813570022583,
    0.49560278654098511,
    0.11433099955320358,
    -0.95760488510131836,
    -0.07461836189031601,
    0.27825358510017395,
    -0.00032482732785865664,
    -0.19754722714424133,
    -0.53293746709823608,
    -0.82277131080627441,
    -1.4924272298812866,
    0,
    0,
    0,
    0.99999988079071045
  ]
}