{
  "projectionMatrix" : [
    1.4972649812698364,
    0,
    -0.0040503740310668945,
    0,
    0,
    1.9963532686233521,
    0.0071204304695129395,
    0,
    0,
    0,
    -0.9999997615814209,
    -0.00099999981466680765,
    0,
    0,
    -1,
    0
  ],
  "time" : 734432.21439512516,
  "cameraGrain" : 0,
  "averageAngularVelocity" : 0.13581965863704681,
  "exposureDuration" : 0.01666666753590107,
  "frame_index" : 41,
  "motionQuality" : 0.92646902799606323,
  "intrinsics" : [
    1437.3743896484375,
    0,
    963.38836669921875,
    0,
    1437.3743896484375,
    724.626708984375,
    0,
    0,
    1
  ],
  "averageVelocity" : 0.25735843181610107,
  "cameraPoseARFrame" : [
    0.14873333275318146,
    -0.85029798746109009,
    0.50484877824783325,
    2.6993958950042725,
    -0.97759515047073364,
    -0.049532018601894379,
    0.20458404719829559,
    0.024445891380310059,
    -0.14895117282867432,
    -0.52396613359451294,
    -0.83861398696899414,
    -1.7085788249969482,
    0,
    0,
    0,
    1
  ]
}