{
  "projectionMatrix" : [
    1.4991494417190552,
    0,
    -0.0039896965026855469,
    0,
    0,
    1.9988659620285034,
    0.0071362853050231934,
    0,
    0,
    0,
    -0.9999997615814209,
    -0.00099999981466680765,
    0,
    0,
    -1,
    0
  ],
  "time" : 734455.53177666687,
  "cameraGrain" : 0,
  "averageAngularVelocity" : 0,
  "exposureDuration" : 0.01666666753590107,
  "frame_index" : 85,
  "motionQuality" : 0.94903683662414551,
  "intrinsics" : [
    1439.1834716796875,
    0,
    963.330078125,
    0,
    1439.1834716796875,
    724.63812255859375,
    0,
    0,
    1
  ],
  "averageVelocity" : 0.17837116122245789,
  "cameraPoseARFrame" : [
    0.063307218253612518,
    -0.97960382699966431,
    0.19070537388324738,
    -1.8498120307922363,
    -0.98090589046478271,
    -0.025866422802209854,
    0.1927558034658432,
    0.014152729883790016,
    -0.18389144539833069,
    -0.19926686584949493,
    -0.9625365138053894,
    -1.1965608596801758,
    0,
    0,
    0,
    0.99999994039535522
  ]
}