{
  "time" : 734413.69124095852,
  "motionQuality" : 0.85485804080963135,
  "projectionMatrix" : [
    1.4984872341156006,
    0,
    -0.0038558244705200195,
    0,
    0,
    1.9979829788208008,
    0.0074204206466674805,
    0,
    0,
    0,
    -0.9999997615814209,
    -0.00099999981466680765,
    0,
    0,
    -1,
    0
  ],
  "averageVelocity" : 0.50799679756164551,
  "cameraGrain" : 0,
  "frame_index" : 6,
  "exposureDuration" : 0.01666666753590107,
  "averageAngularVelocity" : 0.39872217178344727,
  "intrinsics" : [
    1438.5477294921875,
    0,
    963.2015380859375,
    0,
    1438.5477294921875,
    724.84271240234375,
    0,
    0,
    1
  ],
  "cameraPoseARFrame" : [
    -0.080031119287014008,
    0.9957270622253418,
    -0.04607434943318367,
    4.7444572448730469,
    -0.94347065687179565,
    -0.060753699392080307,
    0.32584092020988464,
    -0.025187080726027489,
    0.32164940237998962,
    0.069547191262245178,
    0.94430124759674072,
    3.091949462890625,
    0,
    0,
    0,
    0.99999994039535522
  ]
}