{
  "time" : 734412.09353162511,
  "motionQuality" : 0.89613151550292969,
  "projectionMatrix" : [
    1.4964777231216431,
    0,
    -0.0039198398590087891,
    0,
    0,
    1.9953036308288574,
    0.0074685811996459961,
    0,
    0,
    0,
    -0.9999997615814209,
    -0.00099999981466680765,
    0,
    0,
    -1,
    0
  ],
  "averageVelocity" : 0.36353969573974609,
  "cameraGrain" : 0,
  "frame_index" : 3,
  "exposureDuration" : 0.01666666753590107,
  "averageAngularVelocity" : 0.14624999463558197,
  "intrinsics" : [
    1436.61865234375,
    0,
    963.26300048828125,
    0,
    1436.61865234375,
    724.87738037109375,
    0,
    0,
    1
  ],
  "cameraPoseARFrame" : [
    -0.020390164107084274,
    0.99976545572280884,
    0.007326638326048851,
    4.7566485404968262,
    -0.95263427495956421,
    -0.021651960909366608,
    0.3033471405506134,
    -0.0075832963921129704,
    0.30343455076217651,
    -0.0007942648371681571,
    0.95285195112228394,
    3.6799676418304443,
    0,
    0,
    0,
    0.99999994039535522
  ]
}