{
  "projectionMatrix" : [
    1.4984191656112671,
    0,
    -0.0039464235305786133,
    0,
    0,
    1.9978922605514526,
    0.0067198276519775391,
    0,
    0,
    0,
    -0.9999997615814209,
    -0.00099999981466680765,
    0,
    0,
    -1,
    0
  ],
  "time" : 734457.12950083346,
  "cameraGrain" : 0,
  "averageAngularVelocity" : 0.099247001111507416,
  "exposureDuration" : 0.01666666753590107,
  "frame_index" : 88,
  "motionQuality" : 0.93652558326721191,
  "intrinsics" : [
    1438.482421875,
    0,
    963.28857421875,
    0,
    1438.482421875,
    724.3382568359375,
    0,
    0,
    1
  ],
  "averageVelocity" : 0.22216056287288666,
  "cameraPoseARFrame" : [
    0.15512849390506744,
    -0.96510255336761475,
    0.21097983419895172,
    -2.1901278495788574,
    -0.97143548727035522,
    -0.11020293831825256,
    0.21016319096088409,
    0.00084336998406797647,
    -0.17957840859889984,
    -0.2375556081533432,
    -0.95463025569915771,
    -1.0910391807556152,
    0,
    0,
    0,
    0.99999994039535522
  ]
}