{
  "projectionMatrix" : [
    1.4998571872711182,
    0,
    -0.0040673017501831055,
    0,
    0,
    1.9998096227645874,
    0.0071955323219299316,
    0,
    0,
    0,
    -0.9999997615814209,
    -0.00099999981466680765,
    0,
    0,
    -1,
    0
  ],
  "time" : 734464.00276520848,
  "cameraGrain" : 0,
  "averageAngularVelocity" : 0.39963230490684509,
  "exposureDuration" : 0.01666666753590107,
  "frame_index" : 101,
  "motionQuality" : 0.86962366104125977,
  "intrinsics" : [
    1439.8629150390625,
    0,
    963.4046630859375,
    0,
    1439.8629150390625,
    724.6807861328125,
    0,
    0,
    1
  ],
  "averageVelocity" : 0.45631721615791321,
  "cameraPoseARFrame" : [
    -0.049292877316474915,
    0.98648488521575928,
    -0.15626254677772522,
    -3.1688745021820068,
    -0.97868984937667847,
    -0.016481034457683563,
    0.20468208193778992,
    0.00072028639260679483,
    0.19934037327766418,
    0.16302196681499481,
    0.96627485752105713,
    -0.25275242328643799,
    0,
    0,
    0,
    0.99999994039535522
  ]
}