{
  "time" : 734429.03563154186,
  "motionQuality" : 0.87914824485778809,
  "projectionMatrix" : [
    1.4964359998703003,
    0,
    -0.0037271976470947266,
    0,
    0,
    1.9952480792999268,
    0.0066524147987365723,
    0,
    0,
    0,
    -0.9999997615814209,
    -0.00099999981466680765,
    0,
    0,
    -1,
    0
  ],
  "averageVelocity" : 0.42298105359077454,
  "cameraGrain" : 0,
  "frame_index" : 35,
  "exposureDuration" : 0.01666666753590107,
  "averageAngularVelocity" : 0.26818317174911499,
  "intrinsics" : [
    1436.57861328125,
    0,
    963.07806396484375,
    0,
    1436.57861328125,
    724.28973388671875,
    0,
    0,
    1
  ],
  "cameraPoseARFrame" : [
    0.2428400069475174,
    -0.68067324161529541,
    0.69116771221160889,
    3.4570920467376709,
    -0.96116423606872559,
    -0.072526954114437103,
    0.26627680659294128,
    0.020079130306839943,
    -0.13111916184425354,
    -0.72898828983306885,
    -0.67185091972351074,
    -1.7036702632904053,
    0,
    0,
    0,
    0.99999994039535522
  ]
}