{
  "projectionMatrix" : [
    1.4973746538162231,
    0,
    -0.0040953159332275391,
    0,
    0,
    1.9964994192123413,
    0.0069941878318786621,
    0,
    0,
    0,
    -0.9999997615814209,
    -0.00099999981466680765,
    0,
    0,
    -1,
    0
  ],
  "time" : 734491.04717375012,
  "cameraGrain" : 0,
  "averageAngularVelocity" : 0.20757435262203217,
  "exposureDuration" : 0.01666666753590107,
  "frame_index" : 152,
  "motionQuality" : 0.89982163906097412,
  "intrinsics" : [
    1437.4796142578125,
    0,
    963.43145751953125,
    0,
    1437.4796142578125,
    724.53582763671875,
    0,
    0,
    1
  ],
  "averageVelocity" : 0.35062435269355774,
  "cameraPoseARFrame" : [
    -0.18145708739757538,
    0.13102936744689941,
    -0.97463065385818481,
    2.1259424686431885,
    -0.98130631446838379,
    -0.088749304413795471,
    0.17076846957206726,
    0.037985078990459442,
    -0.064122103154659271,
    0.98739814758300781,
    0.1446840763092041,
    -1.0314087867736816,
    0,
    0,
    0,
    0.99999994039535522
  ]
}