{
  "projectionMatrix" : [
    1.4972383975982666,
    0,
    -0.0038141012191772461,
    0,
    0,
    1.9963178634643555,
    0.007079005241394043,
    0,
    0,
    0,
    -0.9999997615814209,
    -0.00099999981466680765,
    0,
    0,
    -1,
    0
  ],
  "time" : 734441.26760216686,
  "cameraGrain" : 0,
  "averageAngularVelocity" : 0.22904196381568909,
  "exposureDuration" : 0.01666666753590107,
  "frame_index" : 58,
  "motionQuality" : 0.93455946445465088,
  "intrinsics" : [
    1437.348876953125,
    0,
    963.1614990234375,
    0,
    1437.348876953125,
    724.59686279296875,
    0,
    0,
    1
  ],
  "averageVelocity" : 0.16286344826221466,
  "cameraPoseARFrame" : [
    0.16959021985530853,
    -0.87260574102401733,
    0.45803770422935486,
    1.2460323572158813,
    -0.96178746223449707,
    -0.045173756778240204,
    0.27004516124725342,
    0.018493467941880226,
    -0.21495166420936584,
    -0.48633185029029846,
    -0.84692215919494629,
    -1.650143027305603,
    0,
    0,
    0,
    0.99999994039535522
  ]
}