{
  "projectionMatrix" : [
    1.4972914457321167,
    0,
    -0.0038203001022338867,
    0,
    0,
    1.9963885545730591,
    0.0073663592338562012,
    0,
    0,
    0,
    -0.9999997615814209,
    -0.00099999981466680765,
    0,
    0,
    -1,
    0
  ],
  "time" : 734446.52777129179,
  "cameraGrain" : 0,
  "averageAngularVelocity" : 0,
  "exposureDuration" : 0.01666666753590107,
  "frame_index" : 68,
  "motionQuality" : 0.93845915794372559,
  "intrinsics" : [
    1437.3997802734375,
    0,
    963.16748046875,
    0,
    1437.3997802734375,
    724.80377197265625,
    0,
    0,
    1
  ],
  "averageVelocity" : 0.21539284288883209,
  "cameraPoseARFrame" : [
    0.16438485682010651,
    -0.87978625297546387,
    0.44604271650314331,
    0.19826202094554901,
    -0.95359528064727783,
    -0.026099966838955879,
    0.29995837807655334,
    0.0053439675830304623,
    -0.25225746631622314,
    -0.47465276718139648,
    -0.84325027465820312,
    -1.5512958765029907,
    0,
    0,
    0,
    0.99999994039535522
  ]
}