{
  "projectionMatrix" : [
    1.4976546764373779,
    0,
    -0.0038657188415527344,
    0,
    0,
    1.9968730211257935,
    0.0072821974754333496,
    0,
    0,
    0,
    -0.9999997615814209,
    -0.00099999981466680765,
    0,
    0,
    -1,
    0
  ],
  "time" : 734449.68952129188,
  "cameraGrain" : 0,
  "averageAngularVelocity" : 0.13588306307792664,
  "exposureDuration" : 0.01666666753590107,
  "frame_index" : 74,
  "motionQuality" : 0.94332170486450195,
  "intrinsics" : [
    1437.74853515625,
    0,
    963.2110595703125,
    0,
    1437.74853515625,
    724.7431640625,
    0,
    0,
    1
  ],
  "averageVelocity" : 0.19837400317192078,
  "cameraPoseARFrame" : [
    0.12945954501628876,
    -0.92819684743881226,
    0.34884262084960938,
    -0.5267292857170105,
    -0.9624519944190979,
    -0.032973181456327438,
    0.26944240927696228,
    0.010883653536438942,
    -0.23859307169914246,
    -0.37062612175941467,
    -0.89761334657669067,
    -1.4358423948287964,
    0,
    0,
    0,
    0.99999994039535522
  ]
}