{
  "projectionMatrix" : [
    1.497234582901001,
    0,
    -0.0037957429885864258,
    0,
    0,
    1.9963128566741943,
    0.0070604085922241211,
    0,
    0,
    0,
    -0.9999997615814209,
    -0.00099999981466680765,
    0,
    0,
    -1,
    0
  ],
  "time" : 734434.34511520853,
  "cameraGrain" : 0,
  "averageAngularVelocity" : 0.19839204847812653,
  "exposureDuration" : 0.01666666753590107,
  "frame_index" : 45,
  "motionQuality" : 0.94331657886505127,
  "intrinsics" : [
    1437.34521484375,
    0,
    963.1439208984375,
    0,
    1437.34521484375,
    724.58349609375,
    0,
    0,
    1
  ],
  "averageVelocity" : 0,
  "cameraPoseARFrame" : [
    0.20203478634357452,
    -0.80707001686096191,
    0.55481517314910889,
    2.4588291645050049,
    -0.95926028490066528,
    -0.048837270587682724,
    0.27827078104019165,
    0.03138892725110054,
    -0.19748833775520325,
    -0.58843255043029785,
    -0.78405696153640747,
    -1.634727954864502,
    0,
    0,
    0,
    0.99999988079071045
  ]
}