{
  "projectionMatrix" : [
    1.4960387945175171,
    0,
    -0.0038255453109741211,
    0,
    0,
    1.9947184324264526,
    0.0068788528442382812,
    0,
    0,
    0,
    -0.9999997615814209,
    -0.00099999981466680765,
    0,
    0,
    -1,
    0
  ],
  "time" : 734470.90911775013,
  "cameraGrain" : 0,
  "averageAngularVelocity" : 0.15274152159690857,
  "exposureDuration" : 0.01666666753590107,
  "frame_index" : 114,
  "motionQuality" : 0.90549200773239136,
  "intrinsics" : [
    1436.197265625,
    0,
    963.17254638671875,
    0,
    1436.197265625,
    724.4527587890625,
    0,
    0,
    1
  ],
  "averageVelocity" : 0.33077800273895264,
  "cameraPoseARFrame" : [
    -0.22592492401599884,
    0.6853715181350708,
    -0.69225984811782837,
    -3.7281553745269775,
    -0.96550047397613525,
    -0.063081793487071991,
    0.25264519453048706,
    -0.038046251982450485,
    0.1294868141412735,
    0.72545599937438965,
    0.67597818374633789,
    0.57662379741668701,
    0,
    0,
    0,
    0.99999988079071045
  ]
}