{
  "projectionMatrix" : [
    1.4989489316940308,
    0,
    -0.0041375160217285156,
    0,
    0,
    1.998598575592041,
    0.006842195987701416,
    0,
    0,
    0,
    -0.9999997615814209,
    -0.00099999981466680765,
    0,
    0,
    -1,
    0
  ],
  "time" : 734484.70552304178,
  "cameraGrain" : 0,
  "averageAngularVelocity" : 0.1225675493478775,
  "exposureDuration" : 0.01666666753590107,
  "frame_index" : 140,
  "motionQuality" : 0.93544793128967285,
  "intrinsics" : [
    1438.990966796875,
    0,
    963.47198486328125,
    0,
    1438.990966796875,
    724.4263916015625,
    0,
    0,
    1
  ],
  "averageVelocity" : 0.22593232989311218,
  "cameraPoseARFrame" : [
    -0.10486223548650742,
    0.76162105798721313,
    -0.63948214054107666,
    0.18529278039932251,
    -0.99371737241744995,
    -0.054955512285232544,
    0.097497887909412384,
    0.053873740136623383,
    0.039113361388444901,
    0.64568835496902466,
    0.76259863376617432,
    -0.51691949367523193,
    0,
    0,
    0,
    0.99999994039535522
  ]
}