{
  "projectionMatrix" : [
    1.4973406791687012,
    0,
    -0.0036944150924682617,
    0,
    0,
    1.9964542388916016,
    0.0071850419044494629,
    0,
    0,
    0,
    -0.9999997615814209,
    -0.00099999981466680765,
    0,
    0,
    -1,
    0
  ],
  "time" : 734438.07341558347,
  "cameraGrain" : 0,
  "averageAngularVelocity" : 0.16290701925754547,
  "exposureDuration" : 0.01666666753590107,
  "frame_index" : 52,
  "motionQuality" : 0.95345515012741089,
  "intrinsics" : [
    1437.447021484375,
    0,
    963.04669189453125,
    0,
    1437.447021484375,
    724.6732177734375,
    0,
    0,
    1
  ],
  "averageVelocity" : 0.018540464341640472,
  "cameraPoseARFrame" : [
    0.20901675522327423,
    -0.85378515720367432,
    0.47682589292526245,
    1.8441615104675293,
    -0.95158290863037109,
    -0.065189912915229797,
    0.30040010809898376,
    0.024006109684705734,
    -0.22539293766021729,
    -0.51652801036834717,
    -0.82607293128967285,
    -1.6969969272613525,
    0,
    0,
    0,
    0.99999982118606567
  ]
}