{
  "projectionMatrix" : [
    1.4978137016296387,
    0,
    -0.00395965576171875,
    0,
    0,
    1.9970848560333252,
    0.0071932673454284668,
    0,
    0,
    0,
    -0.9999997615814209,
    -0.00099999981466680765,
    0,
    0,
    -1,
    0
  ],
  "time" : 734451.82065483346,
  "cameraGrain" : 0,
  "averageAngularVelocity" : 0.11962950229644775,
  "exposureDuration" : 0.01666666753590107,
  "frame_index" : 78,
  "motionQuality" : 0.96582013368606567,
  "intrinsics" : [
    1437.901123046875,
    0,
    963.30126953125,
    0,
    1437.901123046875,
    724.67913818359375,
    0,
    0,
    1
  ],
  "averageVelocity" : 0.0771140456199646,
  "cameraPoseARFrame" : [
    0.12302502244710922,
    -0.90837937593460083,
    0.39963975548744202,
    -0.93008667230606079,
    -0.98179143667221069,
    -0.05267055332660675,
    0.1825145035982132,
    0.018251914530992508,
    -0.14474315941333771,
    -0.41481670737266541,
    -0.89831864833831787,
    -1.3661675453186035,
    0,
    0,
    0,
    0.99999988079071045
  ]
}