{
  "projectionMatrix" : [
    1.4976849555969238,
    0,
    -0.0037157535552978516,
    0,
    0,
    1.9969133138656616,
    0.0072431564331054688,
    0,
    0,
    0,
    -0.9999997615814209,
    -0.00099999981466680765,
    0,
    0,
    -1,
    0
  ],
  "time" : 734442.81636408344,
  "cameraGrain" : 0,
  "averageAngularVelocity" : 0.15315474569797516,
  "exposureDuration" : 0.01666666753590107,
  "frame_index" : 61,
  "motionQuality" : 0.95624148845672607,
  "intrinsics" : [
    1437.777587890625,
    0,
    963.067138671875,
    0,
    1437.777587890625,
    724.715087890625,
    0,
    0,
    1
  ],
  "averageVelocity" : 0.10522156953811646,
  "cameraPoseARFrame" : [
    0.15488702058792114,
    -0.88654226064682007,
    0.43595036864280701,
    0.8860277533531189,
    -0.95545214414596558,
    -0.022201556712388992,
    0.29430988430976868,
    0.010166502557694912,
    -0.2512393593788147,
    -0.46211454272270203,
    -0.85048729181289673,
    -1.582912802696228,
    0,
    0,
    0,
    0.9999997615814209
  ]
}