{
  "time" : 734415.77094075014,
  "motionQuality" : 0.88249146938323975,
  "projectionMatrix" : [
    1.4965572357177734,
    0,
    -0.0039145946502685547,
    0,
    0,
    1.9954096078872681,
    0.0074810385704040527,
    0,
    0,
    0,
    -0.9999997615814209,
    -0.00099999981466680765,
    0,
    0,
    -1,
    0
  ],
  "averageVelocity" : 0.41127985715866089,
  "cameraGrain" : 0,
  "frame_index" : 10,
  "exposureDuration" : 0.01666666753590107,
  "averageAngularVelocity" : 0.22372126579284668,
  "intrinsics" : [
    1436.6949462890625,
    0,
    963.25799560546875,
    0,
    1436.6949462890625,
    724.8863525390625,
    0,
    0,
    1
  ],
  "cameraPoseARFrame" : [
    0.00067913031671196222,
    0.99555999040603638,
    0.094126321375370026,
    4.6741628646850586,
    -0.95138847827911377,
    -0.028346976265311241,
    0.30668613314628601,
    -0.0054686306975781918,
    0.30799263715744019,
    -0.089758962392807007,
    0.94714498519897461,
    2.2461733818054199,
    0,
    0,
    0,
    0.9999997615814209
  ]
}