{
  "time" : 734414.72308608354,
  "motionQuality" : 0.86366605758666992,
  "projectionMatrix" : [
    1.4978476762771606,
    0,
    -0.0038428306579589844,
    0,
    0,
    1.9971301555633545,
    0.0074396729469299316,
    0,
    0,
    0,
    -0.9999997615814209,
    -0.00099999981466680765,
    0,
    0,
    -1,
    0
  ],
  "averageVelocity" : 0.4771687388420105,
  "cameraGrain" : 0,
  "frame_index" : 8,
  "exposureDuration" : 0.01666666753590107,
  "averageAngularVelocity" : 0,
  "intrinsics" : [
    1437.9337158203125,
    0,
    963.1890869140625,
    0,
    1437.9337158203125,
    724.8565673828125,
    0,
    0,
    1
  ],
  "cameraPoseARFrame" : [
    -0.048927273601293564,
    0.99874001741409302,
    -0.011175061576068401,
    4.6873836517333984,
    -0.95377105474472046,
    -0.043396778404712677,
    0.29738509654998779,
    -0.0033331513404846191,
    0.29652538895606995,
    0.025208761915564537,
    0.95469218492507935,
    2.6675896644592285,
    0,
    0,
    0,
    1
  ]
}