{
  "time" : 734425.84071537515,
  "motionQuality" : 0.9037405252456665,
  "projectionMatrix" : [
    1.4967767000198364,
    0,
    -0.0039508342742919922,
    0,
    0,
    1.9957022666931152,
    0.0065982341766357422,
    0,
    0,
    0,
    -0.9999997615814209,
    -0.00099999981466680765,
    0,
    0,
    -1,
    0
  ],
  "averageVelocity" : 0.33690813183784485,
  "cameraGrain" : 0,
  "frame_index" : 29,
  "exposureDuration" : 0.01666666753590107,
  "averageAngularVelocity" : 0.20564207434654236,
  "intrinsics" : [
    1436.9056396484375,
    0,
    963.29278564453125,
    0,
    1436.9056396484375,
    724.250732421875,
    0,
    0,
    1
  ],
  "cameraPoseARFrame" : [
    0.29342162609100342,
    -0.3602529764175415,
    0.88550645112991333,
    4.0099143981933594,
    -0.95595270395278931,
    -0.11797692626714706,
    0.26876780390739441,
    -0.00097370741423219442,
    0.007644939236342907,
    -0.92536437511444092,
    -0.3790016770362854,
    -0.91603970527648926,
    0,
    0,
    0,
    0.99999994039535522
  ]
}