{
  "projectionMatrix" : [
    1.4974086284637451,
    0,
    -0.0041391849517822266,
    0,
    0,
    1.9965449571609497,
    0.006532132625579834,
    0,
    0,
    0,
    -0.9999997615814209,
    -0.00099999981466680765,
    0,
    0,
    -1,
    0
  ],
  "time" : 734473.03931658354,
  "cameraGrain" : 0,
  "averageAngularVelocity" : 0.15573237836360931,
  "exposureDuration" : 0.01666666753590107,
  "frame_index" : 118,
  "motionQuality" : 0.89326518774032593,
  "intrinsics" : [
    1437.5123291015625,
    0,
    963.47357177734375,
    0,
    1437.5123291015625,
    724.203125,
    0,
    0,
    1
  ],
  "averageVelocity" : 0.37357187271118164,
  "cameraPoseARFrame" : [
    -0.1643357127904892,
    0.83989298343658447,
    -0.51727545261383057,
    -3.0077283382415771,
    -0.98599332571029663,
    -0.12472737580537796,
    0.11072684824466705,
    0.021328771486878395,
    0.028480280190706253,
    0.52822643518447876,
    0.84862583875656128,
    0.35008129477500916,
    0,
    0,
    0,
    0.99999994039535522
  ]
}