{
  "projectionMatrix" : [
    1.4966254234313965,
    0,
    -0.0039106607437133789,
    0,
    0,
    1.9955005645751953,
    0.0071146488189697266,
    0,
    0,
    0,
    -0.9999997615814209,
    -0.00099999981466680765,
    0,
    0,
    -1,
    0
  ],
  "time" : 734431.14942350017,
  "cameraGrain" : 0,
  "averageAngularVelocity" : 0.11403660476207733,
  "exposureDuration" : 0.01666666753590107,
  "frame_index" : 39,
  "motionQuality" : 0.92989927530288696,
  "intrinsics" : [
    1436.7603759765625,
    0,
    963.2542724609375,
    0,
    1436.7603759765625,
    724.62255859375,
    0,
    0,
    1
  ],
  "averageVelocity" : 0.24535247683525085,
  "cameraPoseARFrame" : [
    0.16512890160083771,
    -0.8154570460319519,
    0.55476349592208862,
    2.880359411239624,
    -0.97678273916244507,
    -0.057376891374588013,
    0.20640626549720764,
    0.024202007800340652,
    -0.13648481667041779,
    -0.57596701383590698,
    -0.80599874258041382,
    -1.8236099481582642,
    0,
    0,
    0,
    0.99999988079071045
  ]
}