{
  "time" : 734411.56122104183,
  "motionQuality" : 0.9574970006942749,
  "projectionMatrix" : [
    1.4965534210205078,
    0,
    -0.0037819147109985352,
    0,
    0,
    1.9954046010971069,
    0.0072460770606994629,
    0,
    0,
    0,
    -0.9999997615814209,
    -0.00099999981466680765,
    0,
    0,
    -1,
    0
  ],
  "averageVelocity" : 0.12599916756153107,
  "cameraGrain" : 0,
  "frame_index" : 2,
  "exposureDuration" : 0.01666666753590107,
  "averageAngularVelocity" : 0.14876040816307068,
  "intrinsics" : [
    1436.6912841796875,
    0,
    963.130615234375,
    0,
    1436.6912841796875,
    724.7171630859375,
    0,
    0,
    1
  ],
  "cameraPoseARFrame" : [
    -0.054420433938503265,
    0.99825817346572876,
    -0.022787157446146011,
    4.6947922706604004,
    -0.93235582113265991,
    -0.042632419615983963,
    0.35901984572410583,
    -0.023160433396697044,
    0.35742300748825073,
    0.040783800184726715,
    0.9330517053604126,
    3.8326079845428467,
    0,
    0,
    0,
    0.99999994039535522
  ]
}