{
  "time" : 734427.43807566678,
  "motionQuality" : 0.89049029350280762,
  "projectionMatrix" : [
    1.496659517288208,
    0,
    -0.0038946866989135742,
    0,
    0,
    1.9955459833145142,
    0.0065062046051025391,
    0,
    0,
    0,
    -0.9999997615814209,
    -0.00099999981466680765,
    0,
    0,
    -1,
    0
  ],
  "averageVelocity" : 0.38328394293785095,
  "cameraGrain" : 0,
  "frame_index" : 32,
  "exposureDuration" : 0.01666666753590107,
  "averageAngularVelocity" : 0.18947215378284454,
  "intrinsics" : [
    1436.7930908203125,
    0,
    963.23895263671875,
    0,
    1436.7930908203125,
    724.1844482421875,
    0,
    0,
    1
  ],
  "cameraPoseARFrame" : [
    0.28740811347961426,
    -0.53444308042526245,
    0.79483777284622192,
    3.7936859130859375,
    -0.9561346173286438,
    -0.11105363816022873,
    0.27106034755706787,
    0.014747935347259045,
    -0.056596670299768448,
    -0.83787679672241211,
    -0.54291719198226929,
    -1.2476561069488525,
    0,
    0,
    0,
    0.99999988079071045
  ]
}