{
  "projectionMatrix" : [
    1.4985136985778809,
    0,
    -0.0040545463562011719,
    0,
    0,
    1.9980182647705078,
    0.0074087381362915039,
    0,
    0,
    0,
    -0.9999997615814209,
    -0.00099999981466680765,
    0,
    0,
    -1,
    0
  ],
  "time" : 734465.06778775016,
  "cameraGrain" : 0,
  "averageAngularVelocity" : 0.11419805139303207,
  "exposureDuration" : 0.01666666753590107,
  "frame_index" : 103,
  "motionQuality" : 0.92427104711532593,
  "intrinsics" : [
    1438.5731201171875,
    0,
    963.39239501953125,
    0,
    1438.5731201171875,
    724.83428955078125,
    0,
    0,
    1
  ],
  "averageVelocity" : 0.26505136489868164,
  "cameraPoseARFrame" : [
    -0.12824176251888275,
    0.91532111167907715,
    -0.38176065683364868,
    -3.3562109470367432,
    -0.96659070253372192,
    -0.029214028269052505,
    0.25465452671051025,
    -0.021805936470627785,
    0.2219378799200058,
    0.40166363120079041,
    0.88848727941513062,
    0.080840475857257843,
    0,
    0,
    0,
    0.9999997615814209
  ]
}