{
  "projectionMatrix" : [
    1.4977871179580688,
    0,
    -0.0037864446640014648,
    0,
    0,
    1.9970494508743286,
    0.0074956417083740234,
    0,
    0,
    0,
    -0.9999997615814209,
    -0.00099999981466680765,
    0,
    0,
    -1,
    0
  ],
  "time" : 734443.88180941681,
  "cameraGrain" : 0,
  "averageAngularVelocity" : 0.18692132830619812,
  "exposureDuration" : 0.01666666753590107,
  "frame_index" : 63,
  "motionQuality" : 0.90578097105026245,
  "intrinsics" : [
    1437.8756103515625,
    0,
    963.135009765625,
    0,
    1437.8756103515625,
    724.8968505859375,
    0,
    0,
    1
  ],
  "averageVelocity" : 0.32976657152175903,
  "cameraPoseARFrame" : [
    0.17134705185890198,
    -0.8906053900718689,
    0.42126268148422241,
    0.72862190008163452,
    -0.95263022184371948,
    -0.040719307959079742,
    0.30139273405075073,
    0.00055806647287681699,
    -0.25126850605010986,
    -0.45295032858848572,
    -0.85539466142654419,
    -1.5275094509124756,
    0,
    0,
    0,
    0.99999988079071045
  ]
}